pais_departamento,region
LIMA,LIMA
INT,INTERNACIONAL
CALLAO,CALLAO
LIMA - PERU,LIMA
LA LIBERTAD,LA LIBERTAD
,SIN_DEFINIR
AREQUIPA,AREQUIPA
PIURA,PIURA
ICA,ICA
LAMBAYEQUE,LAMBAYEQUE
CUSCO,CUSCO
JUNIN,JUNIN
ANCASH,ANCASH
SAN ISIDRO,LIMA
SAN MARTIN,SAN MARTIN
CAJAMARCA,CAJAMARCA
LORETO,LORETO
UCAYALI,UCAYALI
HUANUCO,HUANUCO
TACNA,TACNA
VISA DIRECT,OTROS
PUNO,PUNO
TUMBES,TUMBES
MOQUEGUA,MOQUEGUA
AYACUCHO,AYACUCHO
MIRAFLORES,LIMA
PASCO,PASCO
MC53,OTROS
APURIMAC,APURIMAC
TRUJILLO,LA LIBERTAD
MADRE DE DIOS,MADRE DE DIOS
AMAZONAS,AMAZONAS
DISTRITO DE L,OTROS
CHICLAYO,LAMBAYEQUE
CUZCO,CUSCO
HUANCAYO,HUANCAVELICA
HUANCAVELICA,HUANCAVELICA
CERRO DE PASC,PASCO
SKYAIRLINE.CO,OTROS
PER LIM10,LIMA
P003703,OTROS
CHIMBOTE,ANCASH
CERCADO DE L,LIMA
P024169,OTROS
DISTRITO DE L        PER,OTROS
SAN JUAN DE,LIMA
PER LIM5,LIMA
SANTIAGO DE,LIMA
ISLAY,AREQUIPA
LA VICTORIA,LIMA
LOS OLIVOS,LIMA
PAITA,PIURA
IQUITOS,LORETO
CHINCHERO,CUSCO
P012100,OTROS
HUAYLAS,ANCASH
CHINCHA,ICA
SAN BORJA,LIMA
LA MOLINA,LIMA
NAZCA,ICA
CORONEL PORT,OTROS
ABANCAY,APURIMAC
ATE,LIMA
SAN MIGUEL,LIMA
INDEPENDENCI,LIMA
CA#ETE,LIMA
SECHURA,PIURA
CHORRILLOS,LIMA
507-2172672,OTROS
COMAS,LIMA
CHACHAPOYAS,AMAZONAS
PACASMAYO,LA LIBERTAD
PISCO,ICA
P024252,OTROS
OXAPAMPA,PASCO
P016699,OTROS
PHOENIX,OTROS
JULIACA,PUNO
TALARA,PIURA
HUARI,ANCASH
JESUS MARIA,LIMA
HUARAZ,ANCASH
P024066,OTROS
AGUAYTIA-UCAY,UCAYALI
SANTIAGO DE S,LIMA
ARIZONA,AYACUCHO
XP93925,OTROS
SAN MARTIN D,LIMA
SANTA ANITA,LIMA
LIRCAY-HUANCA,HUANCAVELICA
XP93317,OTROS
VILLA EL SAL,LIMA
LURIN,LIMA
TOQUEPALA,TACNA
LINCE,LIMA
TARAPOTO,SAN MARTIN
HUACHO,LIMA
MOYOBAMBA,SAN MARTIN
RIOJA,SAN MARTIN
SICUANI,CUSCO
PAIJAN ASCOPE,LA LIBERTAD
JORGE BASADRE,TACNA
URUBAMBA,CUSCO
SULLANA,PIURA
SURQUILLO,LIMA
BARRANCA,LIMA
BRE?A,LIMA
ANDAHUAYLAS,APURIMAC
NASCA,ICA
ILO,MOQUEGUA
CHULUCANAS,PIURA
FERRENAFE,LAMBAYEQUE
ORCOPAMPA,AREQUIPA
XP89686,OTROS
0465XP95336,OTROS
SANCHEZ CARRI,OTROS
CARAZ,OTROS
YANAHUARA,OTROS
VILLA RICA,OTROS
HUAURA,OTROS
MAGDALENA,LIMA
JAEN,CAJAMARCA
PICOTA,OTROS
XP99421,OTROS
TUMAN CHICALY,OTROS
STO TOMAS-CUS,OTROS
CHANCHAMAYO,JUNIN
PUCALLPA,UCAYALI
ATALAYA,UCAYALI
PUCUSANA,LIMA
HUAMANGA,AYACUCHO
PALPA - ICA,ICA
PUEBLO LIBRE,LIMA
PER AQP1,AREQUIPA
POMALCA,LAMBAYEQUE
CARHUAZ,ANCASH
EL TAMBO,OTROS
PER PIU,PIURA
SAN JUAN DE L,LIMA
ARQEUIPA,AREQUIPA
BAGUA,AMAZONAS
P007862,OTROS
RIMAC,LIMA
T.GRANDE-PIUR,PIURA
RODRIG.D MEND,OTROS
HUARAL,LIMA
BARRANCO,LIMA
AQP,AREQUIPA
CERRODEPASCO,PASCO
SAN MARTIN DE,LIMA
OLMOS,LAMBAYEQUE
CA?ETE,LIMA
PAYPAL COM,OTROS
SN PEDRO DE L,OTROS
XP90885,OTROS
VILLA MARIA,LIMA
SAN RAMON,OTROS
JOSE LUIS BU,OTROS
TARMA,JUNIN
PUENTE PIEDR,LIMA
SICUANI-CUZCO,OTROS
XP93187,OTROS
SAN JERONIMO,OTROS
CALLERIA,OTROS
INTERNET,OTROS
BELLAVISTA,OTROS
PER TRU,LA LIBERTAD
LIMA                 PER,LIMA
VENTANILLA,LIMA
CASAGRANDE AS,OTROS
CHEPEN,OTROS
PER LIM9D,LIMA
YURIMAGUAS,OTROS
CAMANA,OTROS
PARI?AS,OTROS
TOCACHE,OTROS
XP99460,OTROS
P024312,OTROS
JUANJUI,OTROS
LEONCIO PRAD,OTROS
MAZAMARI SATI,OTROS
IBERIA,OTROS
P003670,OTROS
HUANTA,OTROS
XP91191,OTROS
PAMPAS-HUANCA,OTROS
SAN LUIS,LIMA
LURIGANCHO,LIMA
PAUCARPATA,OTROS
EL AGUSTINO,LIMA
XP91167,OTROS
EL ALGARROBA,OTROS
LA OROYA,JUNIN
XP91778,OTROS
WANCHAQ,OTROS
BAGUA GRANDE,AMAZONAS
CASMA,OTROS
PER CUZ2,CUSCO
PISC,ICA
P024251,OTROS
ABANCAY|,APURIMAC
YANACANCHA,OTROS
PER TYL,OTROS
CARMEN DE LA,OTROS
CASTILLA,OTROS
MANCORA-PIURA,PIURA
PER CIX,OTROS
AYAVIRI,OTROS
CERCADO - LIM,LIMA
HUAROCHIR?,OTROS
PER TPP,OTROS
MAGDALENA DEL,LIMA
XP96310,OTROS
XP89386,OTROS
XP70264,OTROS
TRUJ,LA LIBERTAD
MAYNAS,OTROS
JOSE LEONARD,OTROS
CUTERVO,OTROS
MORROPON,OTROS
MADRE DE DIO,MADRE DE DIOS
P013298,OTROS
SANTA,OTROS
PER IQT,OTROS
SAN MART?N,SAN MARTIN
XP96311,OTROS
YAULI,OTROS
CORONEL PORTI,OTROS
XP89184,OTROS
XP91193,OTROS
SAN JUAN DE M,LIMA
COL BOG9,OTROS
XP99450,OTROS
VILLA EL SALV,LIMA
0465XP97365,OTROS
MARISCAL NIET,OTROS
CAYMA,OTROS
XP90582,OTROS
CHL SCL4,OTROS
SAO PAULO,OTROS
XP88063,OTROS
SAN SEBASTIA,OTROS
PER PCL,OTROS
INDEPENDENCIA,LIMA
XP90610,OTROS
PARAMONGA,OTROS
SANTA ANA,OTROS
CHACLACAYO,LIMA
CHANCAY,LIMA
PATAPO,LAMBAYEQUE
PER TBP,OTROS
STA. MARIA NI,OTROS
BAMBAMARCA,OTROS
CANETE,LIMA
CARABAYLLO,LIMA
PAN PTY3,OTROS
CHOTA,OTROS
MAJES,OTROS
PAN PTY4,OTROS
PUNTA HERMOSA,OTROS
SAN ROQUE-SUR,OTROS
P024626,OTROS
ALTO AMAZONAS,AMAZONAS
XP94261,OTROS
LIMA-BRENA,LIMA
ESP MAD2,OTROS
PER CJA,OTROS
SAN ROMAN,OTROS
USA MIA8,OTROS
CHINCHA ICA,OTROS
HUAROCHIRI,OTROS
ASIA,OTROS
P024094,OTROS
XP91738,OTROS
XP88512,OTROS
LA ESPERANZA,OTROS
ESPINAR,OTROS
0465XP95596,OTROS
P006067,OTROS
P006043,OTROS
TAMBOPATA,OTROS
ESP MADC,OTROS
XP93850,OTROS
XP96490,OTROS
PUENTE PIEDRA,LIMA
JOSE LUIS BUS,OTROS
OROYA,JUNIN
PER TCQ1,OTROS
VICTOR LARCO,OTROS
COL BOG,OTROS
VILLA MARIA D,LIMA
JORGE BASADR,TACNA
XP90210,OTROS
PHOENIX              PER,OTROS
MEX MEX12,OTROS
P027210,OTROS
CHL SAN4,OTROS
LEONCIO PRADO,OTROS
P026326,OTROS
MEX CUN1,OTROS
CHINCHA ALTA,OTROS
SAN JUAN BAUT,OTROS
ARG EZE3,OTROS
XP90500,OTROS
P024006,OTROS
P024330,OTROS
PER JUL,OTROS
HUARAL LIMA,LIMA
MEX MEX15,OTROS
SATIPO,OTROS
HOSP.REGION I,OTROS
LA CONVENCION,OTROS
P023876,OTROS
MORALES,OTROS
COMAS LIMA,LIMA
MEX MEX13,OTROS
RAYMONDI,OTROS
P006233,OTROS
ESP MAD3,OTROS
507-2172672          PER,OTROS
ARIZONA              PER,OTROS
AMARILIS,OTROS
MEX CUN4,OTROS
ECU UIO,OTROS
ZARUMILLA,OTROS
USA MIA7,OTROS
P024002,OTROS
COL CTG2,OTROS
LIMA - BRENA,LIMA
CHILCA,OTROS
BRA GRU2,OTROS
SAN BARTOLO,OTROS
CERRO COLORAD,OTROS
BAGUA CHICA,OTROS
BRA GRU12,OTROS
CHAUPIMARCA,OTROS
CA1ETE,OTROS
NLD AMS,OTROS
PACHACAMAC,OTROS
MANCORA,OTROS
ESP BCN8,OTROS
0465XP92692,OTROS
PUERTO MALDON,OTROS
0465XP88267,OTROS
LA PERLA,OTROS
P024544,OTROS
XP96338,OTROS
AGENCIA ICA,OTROS
NUEVO CHIMBOT,OTROS
BRENA,OTROS
DOM PUJ2,OTROS
QUILLABAMBA,OTROS
MEX MEX11,OTROS
BRA GRU6,OTROS
ESP MAD6,OTROS
USA MCO1,OTROS
0465XP92691,OTROS
LA PUNTA,OTROS
COL BOG7,OTROS
ECU GYE2,OTROS
QUIPA   AR,OTROS
YARINACOCHA,OTROS
SLV SAL1,OTROS
P024004,OTROS
P012917,OTROS
P012848,OTROS
ANCON,OTROS
USA MIA10D,OTROS
0465XP95854,OTROS
LIBERTAD,OTROS
XP70710,OTROS
COL BOG8,OTROS
PRY ASU1,OTROS
CAN YYZ1,OTROS
P024003,OTROS
PER LIM8D,LIMA
USA ATL10,OTROS
URY MVD2,OTROS
P023913,OTROS
AEROPUERTO,OTROS
USA IAH6,OTROS
USA MCO2,OTROS
XP93024,OTROS
PER AYP,OTROS
NLD AMS2,OTROS
E-COMMERCE,OTROS
MDIO,OTROS
SLV SAL,OTROS
ITA FCO1,OTROS
SAMUEL PASTOR,OTROS
HURARAL,OTROS
CNEL PORTILLO,OTROS
YANAHUARA-ARE,OTROS
UTCUBAMBA,OTROS
CHL SCL6,OTROS
CRI SJO,OTROS
BRA GRU11,OTROS
BOL LPB2,OTROS
SAN ROM?N,OTROS
PER PEM,OTROS
DOM PUJ1,OTROS
AYABACA - ICA,OTROS
CHOCOPE,OTROS
ESP BCN9,OTROS
SACHACA,OTROS
SAN MART N,OTROS
LORETO MAYNAS,OTROS
VEINTISEIS DE,OTROS
SAN ANTONIO,OTROS
PUNTA NEGRA,OTROS
MEX MEX18,OTROS
CA ETE,OTROS
ESP MAD5,OTROS
RUPA-RUPA,OTROS
CIENEGUILLA,OTROS
BRA GIG6,OTROS
XP99770,OTROS
IQUITOS - LOR,OTROS
SANTIAGO,OTROS
COL MDE,OTROS
PIMENTEL,OTROS
COL CTG1,OTROS
SAYAN,OTROS
PUNTA HERMOS,OTROS
ICA - PISCO,OTROS
USA LAX16D,OTROS
HUANCHACO,OTROS
LA CONVENCIO,OTROS
SANTA MARIA,OTROS
MEX MEX14,OTROS
HUARMEY,OTROS
XP95420,OTROS
COL MDE2,OTROS
USA LAX7,OTROS
BOL VVI1,OTROS
PUNCHANA,OTROS
ALTO SELVA AL,OTROS
BOL VVI2,OTROS
PADRE ABAD,OTROS
ABANCAY],OTROS
DOHA,OTROS
CAN YUL3,OTROS
MARIANO MELGA,OTROS
USA MIA14,OTROS
SAN VICENTE D,OTROS
HKG HKG5,OTROS
PARINAS,OTROS
USA DFW7,OTROS
CHINCHA - ICA,OTROS
XP92159,OTROS
CERCADO,OTROS
XP91594,OTROS
MARISCAL NIE,OTROS
SALAS,OTROS
SANCHEZ CARR,OTROS
BEL BRU,OTROS
HUANCAYO JUNI,OTROS
LA MERCED,OTROS
JOSE LEONARDO,OTROS
SANTA ROSA,OTROS
PICHANAQUI,OTROS
ALTO AMAZONA,OTROS
VEN CCS2,OTROS
SOCABAYA,OTROS
ABW AUA,OTROS
LOS ORGANOS,OTROS
USA JFK6,OTROS
XP99756,OTROS
DEFAULT,OTROS
ESP BCN11,OTROS
P003103,OTROS
LA BANDA DE S,OTROS
USA FLL3D,OTROS
CORONEL GREGO,OTROS
MEX CUN5,OTROS
SAN SEBASTIAN,OTROS
SUNAMPE,OTROS
CHALLHUAHUACH,OTROS
HUAYLLAY,OTROS
HUAYUCACHI,OTROS
MEX MEX21,OTROS
PUEBLO NUEVO,OTROS
ECU UIO1,OTROS
LORETO - MAYN,OTROS
BRA SDU1,OTROS
PRT LIS6,OTROS
SAUCE,OTROS
MOLLENDO,OTROS
2019-04-28         XP91191,OTROS
BRA GIG8,OTROS
LIMA           0465XP95596,LIMA
P008277,OTROS
PARACAS,OTROS
QAT DOH2,OTROS
TABALOSOS,OTROS
CATACAOS,OTROS
PRT OPO,OTROS
LOS BA?OS DEL,OTROS
XP97305,OTROS
P028208,OTROS
BRA BSB,OTROS
USA JFK11D,OTROS
USA MIA9,OTROS
COL MDE1,OTROS
MEX MEX19,OTROS
XP92730,OTROS
BELEN,OTROS
XP97990,OTROS
AUT VIE,OTROS
GENEVA               IL,OTROS
CAJABAMBA,OTROS
COL CLO1,OTROS
LIMA                 PE,LIMA
ITA VCE,OTROS
ESP AGP,OTROS
CHN SHA5,OTROS
2268886,OTROS
CHN CAN8,OTROS
6917161,OTROS
URARINAS,OTROS
USA MIA13,OTROS
LOS BANOS DEL,OTROS
JAM MBJ,OTROS
MANANTAY,OTROS
INTERNET             PER,OTROS
COL MED,OTROS
CERRO AZUL,OTROS
PARCOY,OTROS
ESP BCN10,OTROS
ITA MILM,OTROS
MOCHE,OTROS
BOL VVI3,OTROS
5147763,OTROS
DOM SDQ4,OTROS
SIMON BOLIVA,OTROS
CHOTA-CAJAMAR,OTROS
TUR IST9,OTROS
GRC ATH2,OTROS
GTM GUA2,OTROS
2019-04-10         XP91191,OTROS
JAM MBJ3,OTROS
P014277,OTROS
BRA GIG7,OTROS
ITA MILL,OTROS
IDN DPS8,OTROS
XP70262,OTROS
CHL SCL3,OTROS
SAN JOSE DE L,OTROS
2019-04-08         XP91191,OTROS
VEGUETA,OTROS
MEX CUN7,OTROS
DEU DUS1,OTROS
ITA FCO2,OTROS
MEX CUN3,OTROS
ESP VLC,OTROS
FRA ORY1,OTROS
FRA CDG8,OTROS
SUBTANJALLA,OTROS
XP92153,OTROS
DEU MUNE,OTROS
ARE DXB3,OTROS
CHE ZRH4,OTROS
SAO PAULO            PER,OTROS
UCHUMAYO,OTROS
USA IAD11,OTROS
PILLCO MARCA,OTROS
IMPERIAL,OTROS
XP99437,OTROS
MMR RGN1,OTROS
ALTO DE LA AL,OTROS
CRI SJO1,OTROS
GBR LHR11,OTROS
DOM SDQ3,OTROS
JOSE CRESPO Y,OTROS
BRA GIG2,OTROS
ESP SVQ1,OTROS
GBR LHR14,OTROS
DNK COP1,OTROS
0756XP95336,OTROS
ISR TLV,OTROS
FRA CDG7,OTROS
USA LAS4,OTROS
NZL AKL,OTROS
MOTUPE,OTROS
LUNAHUANA,OTROS
ZAF JOH,OTROS
XP89459,OTROS
0465XP88638,OTROS
CASCAS,OTROS
CAJAMRCA,OTROS
HUALMAY,OTROS
MEX GDL3,OTROS
4987687,OTROS
XP90760,OTROS
VNM HAN3,OTROS
ECU GYE,OTROS
ARE DXB1,OTROS
GRC ATH7,OTROS
CHE GVA,OTROS
MALA,OTROS
CAYALTI,OTROS
RAZURI,OTROS
USA IAH7,OTROS
MAR RAK3,OTROS
CNEL PORTILL,OTROS
LA TINGUI?A,OTROS
ANTIOQUIA,OTROS
PRI SJU4,OTROS
YANAHUANCA,OTROS
COL BOG10,OTROS
USA LAX5,OTROS
COL BAQ,OTROS
USA SFO11,OTROS
LAGUNAS,OTROS
ZAF JNB3,OTROS
LAMAS,OTROS
2218880,OTROS
JPN NRT,OTROS
XP99385,OTROS
ISR TVL1,OTROS
JACOBO HUNTER,OTROS
P024170,OTROS
XP70779,OTROS
XP97069,OTROS
XP95590,OTROS
USA IAH8D,OTROS
CHAO,OTROS
SAN PEDRO DE,OTROS
HUAMACHUCO,OTROS
BOL LPB3,OTROS
ESP PMI1,OTROS
LIMA                 NY,LIMA
HKG HKG4,OTROS
PARCONA,OTROS
CHOLON,OTROS
TIABAYA,OTROS
CZE PRG3,OTROS
CHL ANT,OTROS
2019-04-27         XP91191,OTROS
COL CALI,OTROS
857176,OTROS
SAN CLEMENTE,OTROS
VIRU,OTROS
MEX GDL2,OTROS
YONAN,OTROS
CALCA,OTROS
HORAS XP70264,OTROS
XP93755,OTROS
DEU HAM,OTROS
TUR SAW,OTROS
MARAS,OTROS
XP97307,OTROS
MARCAVELICA,OTROS
SRB BEG,OTROS
CHL IQQ,OTROS
XP96743,OTROS
MEX TIJ2,OTROS
GRC ATH5,OTROS
XP89938,OTROS
P003875,OTROS
MOROCOCHA,OTROS
REC 28021900460    XP90610,OTROS
PUNTA DEL EST,OTROS
HUN BUD6,OTROS
MEX SJD1,OTROS
MEX MTY4,OTROS
3738845,OTROS
PAN PAN,OTROS
HUAROCHIR,OTROS
NUEVA CAJAMAR,OTROS
SANTA MARIA D,OTROS
TINYAHUARCO,OTROS
HND TGU,OTROS
DEU FRA3,OTROS
MACHUPICCHU,OTROS
GBR LGW7,OTROS
FRA CDG4,OTROS
ETEN PUERTO,OTROS
SGP SIN17,OTROS
PARIAS,OTROS
MAR CMN2,OTROS
PACOCHA,OTROS
PILCOMAYO,OTROS
DEU BER2,OTROS
2019-05-29         XP91191,OTROS
USA LAS3,OTROS
XP93251,OTROS
5147042,OTROS
2019-05-01         XP91191,OTROS
XP99798,OTROS
ARG ROS,OTROS
2019-04-26         XP91191,OTROS
CAN YYZ3,OTROS
7847992,OTROS
XP89926,OTROS
XP90498,OTROS
CHE GVAJET,OTROS
XP96125,OTROS
P023765,OTROS
BEL BRUC,OTROS
PAUCARTAMBO,OTROS
MEX MTY3,OTROS
5237655,OTROS
THA BKK13,OTROS
5268261,OTROS
MEX MEX17,OTROS
XP94418,OTROS
ARG COR,OTROS
ESP LPA,OTROS
EL ALTO,OTROS
3238992,OTROS
LIMA                 ITA,LIMA
P004149,OTROS
HRV DBV,OTROS
PAYPAL COM           PER,OTROS
XP90442,OTROS
ITA FLR,OTROS
IND DEL3,OTROS
SUPE,OTROS
ITA NAP1,OTROS
2019-04-29         XP91191,OTROS
MLT MLA,OTROS
XP89631,OTROS
BRA BSB2,OTROS
XP92046,OTROS
18-05-2019         XP91191,OTROS
MEX VSA,OTROS
USA BWI4,OTROS
CHN PVG4,OTROS
4977227,OTROS
CHN PVG,OTROS
ITA BGY1,OTROS
TUMAN,OTROS
COL SMR,OTROS
USA SEA7,OTROS
COL BGA,OTROS
MARCONA,OTROS
TUR IST1,OTROS
588241,OTROS
REC 27021900482    XP90610,OTROS
7528982,OTROS
CHE BSL,OTROS
CHL PUE,OTROS
47148,OTROS
DEU FRA4,OTROS
PATAZ,OTROS
XP93847,OTROS
SORITOR,OTROS
HND TGU1,OTROS
PACHANGARA,OTROS
ARG MDZ,OTROS
USA BOS11,OTROS
35924917954,OTROS
BRA GRU13D,OTROS
BRA GIG9,OTROS
2019-06-08         XP91191,OTROS
CHL CJC,OTROS
CHIVAY,OTROS
MEX PVR,OTROS
ZORRITOS,OTROS
USA JFK,OTROS
5747594,OTROS
USA SFO12D,OTROS
GBR LGW10,OTROS
BOL CBB1,OTROS
XP88564,OTROS
CHN CAN,OTROS
SANTA EULALIA,OTROS
XP98673,OTROS
POL KRK,OTROS
XP98672,OTROS
CHN PEK5,OTROS
CAN YVR7,OTROS
POCOLLAY,OTROS
MEX CUN6,OTROS
ITA CTA,OTROS
CHN PEK3,OTROS
XP97878,OTROS
CAN YVR9,OTROS
EGY CAI,OTROS
MEX MEX16,OTROS
SANTA ROSA DE,OTROS
MORO,OTROS
USA EWR7,OTROS
GROCIO PRADO,OTROS
LIMA           0465XP97365,LIMA
ESP IBZ,OTROS
ESP BIO2,OTROS
XP70428,OTROS
ITA MILP,OTROS
ESP ALC,OTROS
2019-04-09         XP91191,OTROS
SAN JOSE,OTROS
EL PORVENIR,OTROS
CHINCHA BAJA,OTROS
CZE PRG2,OTROS
USA BOS8,OTROS
2748809,OTROS
KHM REP,OTROS
18.05.2019         XP91191,OTROS
SAN AGUSTIN,OTROS
HND SAP,OTROS
CANOAS DE PUN,OTROS
37444,OTROS
2019-04-30         XP91191,OTROS
CONTINENTAL,OTROS
COL PERE,OTROS
IND DEL4,OTROS
PANAMA,OTROS
COISHCO,OTROS
SURCO,OTROS
MARANURA,OTROS
IND BOM1,OTROS
ITA TRN,OTROS
JAM KIN,OTROS
SAN MATEO,OTROS
NLD AMS3,OTROS
6617257,OTROS
SWE STO4,OTROS
BRA CWB4,OTROS
157570,OTROS
XP99438,OTROS
BRA CGH,OTROS
XP99351,OTROS
USA JFK10,OTROS
SGP SIN20,OTROS
CHN PVG8,OTROS
GBR LGW14,OTROS
ASUNCION,OTROS
ESP TFN,OTROS
TUR IST7,OTROS
PACARAN,OTROS
PAIJAN,OTROS
TWN TPE7,OTROS
MEJIA,OTROS
USA MIA11D,OTROS
THA BKK2,OTROS
THA BKK3,OTROS
ARE DXB6,OTROS
USA LAX13,OTROS
0465XP88451,OTROS
SANTA CRUZ DE,OTROS
DEU STR1,OTROS
DEU TXL2,OTROS
FIN HEL5,OTROS
1467228,OTROS
THA BKK7,OTROS
MEX BJX,OTROS
CHL ZCO,OTROS
GBR LHR1,OTROS
"""            P024169",OTROS
ECU UIO2,OTROS
AZANGARO,OTROS
SGP SIN12,OTROS
RUS SVO7,OTROS
VEN CCS3,OTROS
2418267,OTROS
SAN ROM N,OTROS
GBR STN5,OTROS
USA ORD8,OTROS
ARE ABU1,OTROS
GTM GUA4,OTROS
EGY CAI6,OTROS
GBR LHR16,OTROS
2019-05-30         XP91191,OTROS
ANANEA,OTROS
USA ORD10,OTROS
MONSEFU,OTROS
2019-03-27         XP91191,OTROS
80072789100,OTROS
6147603,OTROS
ARG IGR,OTROS
MEX CUU1,OTROS
USA IAD6,OTROS
428849,OTROS
ARE DXB4,OTROS
VNM HAN4,OTROS
2988243,OTROS
ARE DXB,OTROS
35725885000,OTROS
2019-05-03         XP91191,OTROS
5058825,OTROS
MAR FEZ3,OTROS
KOR ICN7,OTROS
SGP SIN13,OTROS
32,OTROS
SGP SIN8,OTROS
KEN NBO2,OTROS
137418,OTROS
AGO LAD,OTROS
ABW AUA1,OTROS
77551,OTROS
USA JFK13,OTROS
LA JOYA,OTROS
6367144,OTROS
MATUCANA,OTROS
AUS SYD7D,OTROS
ITA BLQ1,OTROS
AUS MEL6,OTROS
JOR AMM3,OTROS
JOR AMM1,OTROS
LBN BEY,OTROS
2019-05-28         XP91191,OTROS
XP86967,OTROS
5.26E+11,OTROS
22-01-2019         XP91191,OTROS
ARG TUC,OTROS
CASA GRANDE,OTROS
VALERA,OTROS
CAN YVR10,OTROS
FRA NICE3,OTROS
UKR KBP4,OTROS
XP97264,OTROS
THA DMK,OTROS
11-02-2019         XP91191,OTROS
2218754,OTROS
FJI NAN1,OTROS
7417654,OTROS
CHL CON,OTROS
THA BKK5,OTROS
GBR ABZ,OTROS
TAMBO GRANDE,OTROS
4787197,OTROS
GBR LGW2,OTROS
4817636,OTROS
CHICAMA,OTROS
GIB,OTROS
GRC ATH6,OTROS
CHARACATO,OTROS
GUM GUM2,OTROS
GUY GEO,OTROS
PUNTA DE BOMB,OTROS
CHN CAN9,OTROS
UCHIZA,OTROS
CHN HGH,OTROS
CIUDAD NUEVA,OTROS
XP98759,OTROS
CHUPACA,OTROS
CHONGOS ALTO,OTROS
CHN XMN,OTROS
TUR ADB1,OTROS
QUINUA,OTROS
THA HKT5,OTROS
DEU TXL1,OTROS
RUS SVO4,OTROS
CHN PVG3,OTROS
TUR SAW1,OTROS
ECU CUE,OTROS
0857P017037,OTROS
CHN PEK4,OTROS
ZAF CPT,OTROS
XP97306,OTROS
EGY CAI7,OTROS
CHN PEK1,OTROS
USA BOS13D,OTROS
4777865,OTROS
2928727,OTROS
0716P018883,OTROS
XP91177,OTROS
CANTA,OTROS
2018-12-28         XP91191,OTROS
XP99477,OTROS
REVERE               MA,OTROS
PRE011*02 CONTINEN XP97307,OTROS
NUEVO PROGRES,OTROS
MARISCAL CACE,OTROS
POROY,OTROS
05/01/2019         XP91191,OTROS
SUPE PUERTO,OTROS
OMN MCT5,OTROS
XP92045,OTROS
POL WAW3,OTROS
RICARDO PALMA,OTROS
CASO 14121900448   XP90610,OTROS
67566,OTROS
CELENDIN,OTROS
HUAMANCACA CH,OTROS
MYS KUA1,OTROS
IND DEL5,OTROS
4987960,OTROS
SWE ARN2,OTROS
0186P021187,OTROS
MMR RGN2,OTROS
2019-02-08         XP91191,OTROS
RUS LED3,OTROS
09.09.2019         XP90500,OTROS
VNM DAD,OTROS
08/04/2019         XP91191,OTROS
NAUTA,OTROS
27.03.2019         XP91191,OTROS
07-02-2019         XP91191,OTROS
0359P019851,OTROS
RUS SVO10,OTROS
6117841,OTROS
30-01-2019         XP91191,OTROS
RUS SVO8,OTROS
MYS KUL3,OTROS
08.04.2019         XP91191,OTROS
PALCAZU,OTROS
28-05-2019         XP91191,OTROS
28.05.2019         XP91191,OTROS
RUS SVO12,OTROS
8017905,OTROS
XP90962,OTROS
8017958,OTROS
XP98755,OTROS
2018-12-11         XP91191,OTROS
10.02.2019 REC 2202XP90610,OTROS
10/04/2019         XP91191,OTROS
13/11/2018         XP91191,OTROS
OROPESA,OTROS
6817867,OTROS
14.12.2018 REC 0502XP90610,OTROS
2019-06-04         XP91191,OTROS
XP94965,OTROS
XP94873,OTROS
15.02.2019 REC 2602XP90610,OTROS
15/01/2019         XP91191,OTROS
MEX VER,OTROS
16-01-2019         XP91191,OTROS
2019-05-27         XP91191,OTROS
7217005,OTROS
XP94403,OTROS
4.41E+11,OTROS
6327102,OTROS
857477,OTROS
MEX MID1,OTROS
527573,OTROS
6197004,OTROS
P024253,OTROS
0659P018646,OTROS
23/11/2018         XP91191,OTROS
2018-11-27         XP91191,OTROS
XP86404,OTROS
NUEVO LOBBY P,OTROS
OMN SLL,OTROS
P024067,OTROS
2018-11-06         XP91191,OTROS
0716P017631,OTROS
XP96681,OTROS
20/06/2019         XP91191,OTROS
12031900908        XP91191,OTROS
ASUME          XP97069,OTROS
1647983,OTROS
USA SJC,OTROS
IND DEL6,OTROS
05.01.2019 REC 0402XP90610,OTROS
02/09/2019         XP91191,OTROS
USA CVG2,OTROS
2017998,OTROS
USA BUF1,OTROS
CASO 24121900471   XP91191,OTROS
TALAVERA,OTROS
HKG HKG10,OTROS
CHE ZRH6,OTROS
TAXBIEX,OTROS
GBR LTN,OTROS
GBR LHR13,OTROS
2367329,OTROS
GBR LGW13D,OTROS
THA BKK10,OTROS
TA XBIEX             MLT,OTROS
PRT FAO1,OTROS
USA DEN6D,OTROS
0295P022747,OTROS
IND AMD3,OTROS
INAMBARI,OTROS
USA DTW5,OTROS
USA SFO13D,OTROS
IDN DPS4,OTROS
1957231,OTROS
05.03.2019         XP91191,OTROS
CASO 09032000604   XP90610,OTROS
HUN BUD,OTROS
CASO 03012000650   XP90610,OTROS
RECLAMO 26041900256XP90610,OTROS
USA DFW8,OTROS
CASO 07012000751   XP90610,OTROS
CASO 07111900129   XP90610,OTROS
FRA TLS,OTROS
FNA6               XP96490,OTROS
FLORENCIA DE,OTROS
TUR AYT4,OTROS
DEVOLUCION PENALIDAXP93276,OTROS
THA DMK6,OTROS
ZAF JNB4,OTROS
DEU MUC2,OTROS
DEU FRA6,OTROS
3837866,OTROS
CHONGOYAPE,OTROS
CHN SZX6,OTROS
37446,OTROS
CULEBRAS,OTROS
CORRESPONDE SALDO  P006043,OTROS
CORRALES,OTROS
COL CUC,OTROS
37445,OTROS
2237159,OTROS
CHN SHA3,OTROS
CHL LSC,OTROS
TWN TPE6,OTROS
CHL PUQ,OTROS
THA BKK8,OTROS
THA BKK9,OTROS
CHN BJS1,OTROS
UNION CITY           CA,OTROS
TWN TPE8,OTROS
CHN NKG1,OTROS
DNK COP2,OTROS
EGY CAI5,OTROS
THA DMK1,OTROS
ZAF CPT1,OTROS
ECU GPS1,OTROS
THA DMK3,OTROS
THA DMK4,OTROS
IND BLR1,OTROS
0186P023902,OTROS
INDU  XP70264,OTROS
PHL MNL5,OTROS
ARE DXB8,OTROS
USA MSP4,OTROS
AREQUIPA       0465XP95596,OTROS
"""                  P024169",OTROS
217483,OTROS
LBN BEY3,OTROS
YANAQUIHUA,OTROS
AUS BNE1,OTROS
1617177,OTROS
AUS SYD8D,OTROS
AUT VIE1,OTROS
AUT VIE2,OTROS
CAN YYZ2,OTROS
PISAC,OTROS
03.06.2019         XP90610,OTROS
1317153,OTROS
LLIPATA,OTROS
KOR ICN13,OTROS
ARE ABU,OTROS
86,OTROS
MAR CMN4,OTROS
PHL CRK,OTROS
0354P022798,OTROS
AL                 XP90885,OTROS
01.08.19           XP90610,OTROS
137417,OTROS
USA PHX4,OTROS
USA PHL9,OTROS
0338P025554,OTROS
LURICOCHA,OTROS
0114P021355,OTROS
3317612,OTROS
LOS AQUIJES,OTROS
3247819,OTROS
BELIZE,OTROS
SAYLLA,OTROS
KOR ICN12,OTROS
ITA MIL3,OTROS
1827851,OTROS
USA IAH9D,OTROS
ITA PSA,OTROS
PLAZA XP70264,OTROS
ITA MILP1,OTROS
03-02-2019         XP91191,OTROS
USA IAD7,OTROS
JAYANCA,OTROS
CAN YEG2,OTROS
CAN YEG3,OTROS
USA IAD2,OTROS
IRL DUB1,OTROS
IRAZOLA,OTROS
CAN YYC3,OTROS
KOR ICN11,OTROS
BRA GRU15,OTROS
398262,OTROS
67940,OTROS
BENALMADENA (        ESP,OTROS
USA JFK12,OTROS
BRA BSB1,OTROS
7548268,OTROS
7617639,OTROS
BRA CWB5,OTROS
JESUS,OTROS
XP99775,OTROS
YURA,OTROS
XP99799,OTROS
XP99459,OTROS
YUNGAY,OTROS
ROU TSR5,OTROS
RUS DME3,OTROS
REC 07021900847    XP90610,OTROS
XP99435,OTROS
YUCAY,OTROS
REC VELEZ 5179 ARP XP90610,OTROS
ZAF JNB5,OTROS
RECALDE            XP96311,OTROS
RECLAMO 10041900873XP90610,OTROS
RECLAMO 18031900198XP90610,OTROS
ZAF DUR,OTROS
RECLAMO 05031900973XP90610,OTROS
XP99774,OTROS
RINCONADA            05,OTROS
TUCUME,OTROS
XP98758,OTROS
SWE GOT1,OTROS
67562,OTROS
TABACONAS,OTROS
USA DCA6D,OTROS
USA DCA7D,OTROS
TA'XBIEX XBX,OTROS
TA XBIEX,OTROS
SYC SEZ,OTROS
USA DFW9,OTROS
USA DFWG10,OTROS
XP98757,OTROS
SWE ARN1,OTROS
67563,OTROS
SUNRISE              FL,OTROS
SUNNY ISLES B        FL,OTROS
USA HNL6,OTROS
67725,OTROS
SPOTIFY P0F272BE64 P003703,OTROS
USA IAD9D,OTROS
67561,OTROS
USA ATL12,OTROS
TAMBURCO,OTROS
USA ATL11,OTROS
TOTTUSXP70264,OTROS
27426,OTROS
TICAPAMPA,OTROS
THA USM1,OTROS
THA HKT4,OTROS
THA HKT2,OTROS
TUR IST8,OTROS
THA HKT,OTROS
TWN KHH1,OTROS
TWN TPE5,OTROS
27421,OTROS
UKR IEV2,OTROS
THA BKK6,OTROS
27198,OTROS
THA BKK11,OTROS
TELEVIXP70264,OTROS
TAYABAMBA,OTROS
USA JAX1,OTROS
USA JFK14,OTROS
SGP SIN9,OTROS
147567,OTROS
XP90499,OTROS
187261,OTROS
XP91176,OTROS
197348,OTROS
SAN IGNACIO,OTROS
XP91377,OTROS
217482,OTROS
XP92757,OTROS
4.42E+11,OTROS
XP93671,OTROS
SAN   XP70264,OTROS
XP95601,OTROS
XP96339,OTROS
XP96735,OTROS
XP96859,OTROS
RUS VKO3,OTROS
XP98756,OTROS
157571,OTROS
XP88632,OTROS
77552,OTROS
XP88313,OTROS
USA LAX18D,OTROS
SAU JED1,OTROS
TTO TRI,OTROS
USA MIA12D,OTROS
SAPOSOA,OTROS
77553,OTROS
127557,OTROS
SANTA TERESA,OTROS
USA PIT4,OTROS
USA SEA12D,OTROS
USA SEA6,OTROS
0                  P024252,OTROS
.02                XP99421,OTROS
.   P012100,OTROS
VNM SGN2,OTROS
XE42924,OTROS
XP87387,OTROS
3718847,OTROS
ITA CAG,OTROS
R                  XP90885,OTROS
29.10.2018 REC 0703XP90610,OTROS
26.04.2019         XP91191,OTROS
26.08.2019   XP93925,OTROS
26.11.2018         XP90500,OTROS
26/04/2019         XP91191,OTROS
27-01-2019         XP91191,OTROS
27.02.2019 REC 2702XP90610,OTROS
27022000068        XP91191,OTROS
28.03.2019         XP91191,OTROS
29.03.2019         XP91191,OTROS
29.05         XP99421,OTROS
30/10/2018         XP91191,OTROS
CASO 12022000923   XP90610,OTROS
31-01-2019         XP91191,OTROS
31.01.2020         XP91191,OTROS
33    XP70264,OTROS
4.42E+11,OTROS
4919098247206762   P003703,OTROS
53,OTROS
544.10             P024169,OTROS
70,OTROS
73,OTROS
0359               XP90885,OTROS
26-01-2019         XP91191,OTROS
25.01.2019         XP91191,OTROS
25-01-2019         XP91191,OTROS
24.02.2019 REC 2702XP90610,OTROS
2019-03-26         XP91191,OTROS
2019-03-28         XP91191,OTROS
2019-03-29         XP91191,OTROS
2019-04-01         XP91191,OTROS
2019-04-05         XP91191,OTROS
2019-05-02         XP91191,OTROS
2019-05-04         XP91191,OTROS
2019-05-11         XP91191,OTROS
2019-05-31         XP91191,OTROS
2019-06-05         XP91191,OTROS
2019-06-07         XP91191,OTROS
2019-06-09         XP91191,OTROS
2019-06-18         XP91191,OTROS
2019-07-18         XP91191,OTROS
21-03-2019         XP91191,OTROS
21.03.2019         XP91191,OTROS
2170423356,OTROS
22.03.2019         XP91191,OTROS
22/12/2018         XP91191,OTROS
225                P006043,OTROS
24-01-2019         XP91191,OTROS
ACARI,OTROS
ACOBAMBA,OTROS
AGREDA      XP91167,OTROS
BEL CRL2,OTROS
BGR SOF4,OTROS
BHS MHH,OTROS
BRA BEL,OTROS
BRA BSB3,OTROS
BRA CNF2,OTROS
BRA FLN1,OTROS
BRA GRU18H,OTROS
BRA MAO1,OTROS
BRA VCP2,OTROS
03.02.2019         XP91191,OTROS
BRENTWOOD            NY,OTROS
2967244,OTROS
CAN TOR,OTROS
CAN YVR11,OTROS
CAN YYC5,OTROS
CAN YYZ4,OTROS
CAN YYZ5,OTROS
CAN YYZ6,OTROS
CAN YYZ7,OTROS
CARMEN ALTO,OTROS
CARTAGENA,OTROS
BGR SOF2,OTROS
BAVARO-PUNTA,OTROS
AGUAS VERDES,OTROS
BATAVIA              IL,OTROS
ALB TIA2,OTROS
ALBERTO LEVEA,OTROS
ALTO LARAN,OTROS
AMBO,OTROS
AMERICANOS   XP96311,OTROS
ARE SHJ,OTROS
3058984,OTROS
ARG CRD,OTROS
ARG EZE4D,OTROS
ARG NQN,OTROS
ARG ROS1,OTROS
3028898,OTROS
03022001089    XP89686,OTROS
3018280,OTROS
ATRAPALO 10-02-2019XP91191,OTROS
AUCALLAMA,OTROS
AUS ADL,OTROS
AUS SYD13,OTROS
AUS SYD14D,OTROS
AUS SYD15P,OTROS
3017805,OTROS
2019-03-24         XP91191,OTROS
2019-03-22         XP91191,OTROS
2019-03-11         XP91191,OTROS
6118278,OTROS
6387658,OTROS
6767194,OTROS
6917881,OTROS
6947149,OTROS
07-05-2019         XP94261,OTROS
07-06-2019         XP91191,OTROS
07/02/2019         XP91191,OTROS
07/12/2018         XP91191,OTROS
0732P008286,OTROS
7417911,OTROS
7417918,OTROS
7487323,OTROS
7497315,OTROS
7857585,OTROS
7887112,OTROS
08-05-2019         XP94261,OTROS
08/01/2019         XP91191,OTROS
8027397,OTROS
8158257,OTROS
09-01-2019         XP91191,OTROS
09-08-2019         XP91191,OTROS
6317241,OTROS
6017266,OTROS
09/04/2019         XP91191,OTROS
5477123,OTROS
3817168,OTROS
3937355,OTROS
04-05-2019         XP94261,OTROS
4017220,OTROS
4268246,OTROS
4268783,OTROS
4418252,OTROS
0445XP92692,OTROS
4517752,OTROS
4617858,OTROS
3718846,OTROS
0486P016804,OTROS
4877996,OTROS
05-02-2019         XP91191,OTROS
5017185,OTROS
5138781,OTROS
5248260,OTROS
5297982,OTROS
5298805,OTROS
5447995,OTROS
5458820,OTROS
09/01/2019         XP91191,OTROS
10-05-2019         XP91191,OTROS
2019-02-20         XP91191,OTROS
17.05.2019         XP91191,OTROS
18-01-2019         XP91191,OTROS
18/02/2019         XP91191,OTROS
18/05/2019         XP91191,OTROS
18/08/2019         XP91191,OTROS
18/12/2018         XP91191,OTROS
18121900324        XP91191,OTROS
19-04-2019         XP94261,OTROS
19.02.2019 REC 2502XP90610,OTROS
19.10.2018 REC 0703XP90610,OTROS
19/12/2018         XP91191,OTROS
2018-11-12         XP91191,OTROS
2018-11-13         XP91191,OTROS
2018-11-14         XP91191,OTROS
2018-11-19         XP91191,OTROS
2018-11-23         XP91191,OTROS
2018-12-17         XP91191,OTROS
2018-12-29         XP91191,OTROS
2019-01-08         XP91191,OTROS
2019-01-15         XP91191,OTROS
2019-01-17         XP91191,OTROS
2019-02-02         XP91191,OTROS
17/08/2019         XP91191,OTROS
17-04-2019         XP94261,OTROS
10/08/2019         XP91191,OTROS
16/08/2019         XP91191,OTROS
10091900310        XP91191,OTROS
11.01   XP99421,OTROS
11.01.2019 REC 0902XP90610,OTROS
11.01.2020         XP90610,OTROS
11.04.2019         XP90610,OTROS
11/08/2019         XP91191,OTROS
12/11/2018         XP91191,OTROS
12081900269        XP91191,OTROS
13-02-2019         XP91191,OTROS
13.11.19           XP90500,OTROS
13/12/2018         XP91191,OTROS
14-01-2019         XP91191,OTROS
14.02.19 REC 180219XP90610,OTROS
14.04.2019         XP91191,OTROS
15-02-2019         XP91191,OTROS
15.02.2019         XP91191,OTROS
16.01.19 REC 070219XP90610,OTROS
16.01.2019 REC 2502XP90610,OTROS
16.02.19 REC 260219XP90610,OTROS
16.02.2019 REC 2602XP90610,OTROS
16.10.2017         XP90500,OTROS
CASO 06032000311   XP90610,OTROS
CASO 14101900786   XP90500,OTROS
QUIRUVILCA,OTROS
MANU,OTROS
LINIO PERU 2019-04-XP91191,OTROS
LIRCAY,OTROS
1168723,OTROS
LKA COL,OTROS
LLAYLLA,OTROS
LLUCMAJOR,OTROS
1167792,OTROS
1018995,OTROS
LUX LUX,OTROS
1017384,OTROS
MAR TNG1,OTROS
CASO 14121900044   XP90610,OTROS
MAZAMARI,OTROS
01-05-2019         XP94261,OTROS
MEX CUL1,OTROS
MEX HUX,OTROS
MEX MTT,OTROS
MEX MTY5,OTROS
MEX MTY6,OTROS
MEX OAX,OTROS
MEX PVR2,OTROS
MEX QRO,OTROS
1418970,OTROS
LIMA           0465XP92691,LIMA
LIMA                 SAU,LIMA
LIMA                 IRL,LIMA
JAM MBJ1,OTROS
JAUJA,OTROS
JAZAN,OTROS
JEQUETEPEQUE,OTROS
0175P022810,OTROS
JG                 XP91778,OTROS
JOCKE       XP93187,OTROS
JPN TYO,OTROS
1618273,OTROS
1617627,OTROS
KHM PNH,OTROS
KOR ICN10,OTROS
KOR ICN3,OTROS
KOR ICN9,OTROS
L  XP89686,OTROS
1617622,OTROS
1617620,OTROS
LA TINGUINA,OTROS
1517895,OTROS
LAREDO,OTROS
LAS LOMAS,OTROS
MEX SJD3,OTROS
MEX TGZ,OTROS
MIAMI                FL,OTROS
617772,OTROS
PA    P024066,OTROS
607212,OTROS
597540,OTROS
PALPA,OTROS
PANGOA,OTROS
518883,OTROS
457555,OTROS
PHL MNL3,OTROS
PHL MNL4,OTROS
418236,OTROS
PITIPO,OTROS
317262,OTROS
POL WAW4,OTROS
POZUZO,OTROS
PRI SJU5,OTROS
PRT FNC,OTROS
PRT LIS2,OTROS
307146,OTROS
247450,OTROS
237492,OTROS
PYF PPT,OTROS
P027833,OTROS
637271,OTROS
MIGUELXP70264,OTROS
717826,OTROS
01                 XP99421,OTROS
MIRAFLXP70264,OTROS
MIRAMAR              FL,OTROS
MMR RGN3,OTROS
998707,OTROS
997126,OTROS
MUS MRU,OTROS
MYS BKI1,OTROS
MYS KUL2,OTROS
MYS KUL5,OTROS
N? RECLAMO 1410XP97069,OTROS
NAMORA,OTROS
987392,OTROS
987383,OTROS
O                  XP90885,OTROS
OLLANTAYTAMBO,OTROS
OYON,OTROS
P     P024066,OTROS
747218,OTROS
727815,OTROS
717827,OTROS
ITA PMO,OTROS
ITA FCO,OTROS
ITA BGY,OTROS
CHN PEK2,OTROS
CHN PEK9,OTROS
CHN SHA8,OTROS
CHN TAO1,OTROS
CHN TCZ,OTROS
CHN TSN10,OTROS
CHN WUH5,OTROS
CHN XIY1,OTROS
2327670,OTROS
CHORRILLOS           LIM,LIMA
2318791,OTROS
COLAN,OTROS
2317876,OTROS
2277318,OTROS
COUNTXP70264,OTROS
CUW CUR,OTROS
0223P014250,OTROS
CYP LCA,OTROS
CZE PRG,OTROS
DAYANNA            XP90885,OTROS
DENPASAR,OTROS
DEU BRE2,OTROS
CHN PEK8,OTROS
CHN PEK10,OTROS
DEU DUS5,OTROS
CHN KWL1,OTROS
CASO 14121900088   XP90610,OTROS
CASO 16101901239   XP90500,OTROS
CASO 18121900111   XP90610,OTROS
CASO 21012000206   XP90500,OTROS
CASO 25091900482   XP90610,OTROS
2727783,OTROS
CHALA,OTROS
2617109,OTROS
CHE GVA1,OTROS
CHE ZRH,OTROS
2507290,OTROS
2348784,OTROS
CHIQUIAN,OTROS
CHN CAN3,OTROS
CHN CAN4,OTROS
CHN CAN5,OTROS
CHN CAN6,OTROS
CHN CGO6,OTROS
CHN CKG2,OTROS
CHN CTU5,OTROS
CHN HGH1,OTROS
DEU CGN,OTROS
DEU FRA5,OTROS
1827852,OTROS
HRV ZAG,OTROS
HUACRACHUCO,OTROS
0215P027281,OTROS
02032000151        XP96338,OTROS
02/01/2019         XP91191,OTROS
02.02.2019         XP91191,OTROS
HUARIPAMPA,OTROS
02-12-2019  XP93187,OTROS
02-05-2019         XP94261,OTROS
HUN BUD3,OTROS
HUN BUD7,OTROS
IDN DPS7,OTROS
IND BOM10,OTROS
IND BOM13,OTROS
IND CCU7,OTROS
IND COK2,OTROS
IND COK3,OTROS
IND DEL11,OTROS
IND DEL2,OTROS
IND MAA9,OTROS
INT.REVOLVENTE     XP91191,OTROS
0186P008889,OTROS
2218283,OTROS
HKG HKG7,OTROS
DEU NUE,OTROS
GUADALUPE,OTROS
DEVOLUCI?N PENXP93276,OTROS
DNK CPH,OTROS
ECHARATE,OTROS
EGY CAI4,OTROS
ESP PMI4,OTROS
ESP SCQ,OTROS
ESP TFS,OTROS
ETHIOPIA,OTROS
FRA CDG6,OTROS
FRA MRS3,OTROS
FRA NICE1,OTROS
FRA NICE2,OTROS
FRA ORLY,OTROS
GBR EDI,OTROS
GBR EDI1,OTROS
GBR LGW12,OTROS
GBR LHR10,OTROS
GBR MAN4,OTROS
GBR MAN5,OTROS
GHA ACC1,OTROS
GROUP              XP91193,OTROS
ZWE VFA,OTROS
