,index,Fecha,NÂ° de contagios,Masculino,Femenino,LIMA,ANCASH,PIURA,CALLAO,CAJAMARCA,LA LIBERTAD,LORETO,SAN MARTIN,ICA,AYACUCHO,LAMBAYEQUE,PUNO,UCAYALI,AREQUIPA,AMAZONAS,APURIMAC,CUSCO,HUANCAVELICA,HUANUCO,JUNIN,TACNA,PASCO,MOQUEGUA,TUMBES,MADRE DE DIOS,R0_por_dia,R0_LIMA,R0_ANCASH,R0_PIURA,R0_CALLAO,R0_CAJAMARCA,R0_LA LIBERTAD,R0_LORETO,R0_SAN MARTIN,R0_ICA,R0_AYACUCHO,R0_LAMBAYEQUE,R0_PUNO,R0_UCAYALI,R0_AREQUIPA,R0_AMAZONAS,R0_APURIMAC,R0_CUSCO,R0_HUANCAVELICA,R0_HUANUCO,R0_JUNIN,R0_TACNA,R0_PASCO,R0_MOQUEGUA,R0_TUMBES,R0_MADRE DE DIOS
0,0,2020-03-06,1,1,0,1,0,0,0,0,0,0,0,0,0,0,0,0,0,0,0,0,0,0,0,0,0,0,0,0,1.0,1.0,0.0,0.0,0.0,0.0,0.0,0.0,0.0,0.0,0.0,0.0,0.0,0.0,0.0,0.0,0.0,0.0,0.0,0.0,0.0,0.0,0.0,0.0,0.0,0.0
1,1,2020-03-07,5,4,1,4,0,0,0,0,0,0,0,0,0,0,0,0,1,0,0,0,0,0,0,0,0,0,0,0,5.0,4.0,,,,,,,,,,,,,inf,,,,,,,,,,,
2,2,2020-03-08,2,1,1,2,0,0,0,0,0,0,0,0,0,0,0,0,0,0,0,0,0,0,0,0,0,0,0,0,0.4,0.5,,,,,,,,,,,,,0.0,,,,,,,,,,,
3,3,2020-03-09,3,2,1,1,0,0,0,0,0,0,0,0,0,0,0,0,0,0,0,0,0,2,0,0,0,0,0,0,1.5,0.5,,,,,,,,,,,,,,,,,,inf,,,,,,
4,4,2020-03-10,1,1,0,1,0,0,0,0,0,0,0,0,0,0,0,0,0,0,0,0,0,0,0,0,0,0,0,0,0.3333333333333333,1.0,,,,,,,,,,,,,,,,,,0.0,,,,,,
5,5,2020-03-11,8,2,6,6,0,0,0,0,0,0,0,1,0,0,0,0,1,0,0,0,0,0,0,0,0,0,0,0,8.0,6.0,,,,,,,,inf,,,,,inf,,,,,,,,,,,
6,6,2020-03-12,8,2,6,8,0,0,0,0,0,0,0,0,0,0,0,0,0,0,0,0,0,0,0,0,0,0,0,0,1.0,1.3333333333333333,,,,,,,,0.0,,,,,0.0,,,,,,,,,,,
7,7,2020-03-13,10,6,4,9,0,0,0,0,0,0,0,0,0,0,0,0,0,0,0,1,0,0,0,0,0,0,0,0,1.25,1.125,,,,,,,,,,,,,,,,inf,,,,,,,,
8,8,2020-03-14,19,12,7,15,0,2,1,0,0,0,0,0,0,1,0,0,0,0,0,0,0,0,0,0,0,0,0,0,1.9,1.6666666666666667,,inf,inf,,,,,,,inf,,,,,,0.0,,,,,,,,
9,9,2020-03-15,28,15,13,22,1,0,2,0,1,0,0,0,0,2,0,0,0,0,0,0,0,0,0,0,0,0,0,0,1.4736842105263157,1.4666666666666666,inf,0.0,2.0,,inf,,,,,2.0,,,,,,,,,,,,,,
10,10,2020-03-16,20,14,6,15,0,0,1,0,0,1,0,0,0,3,0,0,0,0,0,0,0,0,0,0,0,0,0,0,0.7142857142857143,0.6818181818181818,0.0,,0.5,,0.0,inf,,,,1.5,,,,,,,,,,,,,,
11,11,2020-03-17,27,16,11,16,0,0,1,0,1,9,0,0,0,0,0,0,0,0,0,0,0,0,0,0,0,0,0,0,1.35,1.0666666666666669,,,1.0,,inf,9.0,,,,0.0,,,,,,,,,,,,,,
12,12,2020-03-18,56,28,28,50,1,0,0,0,0,1,0,0,0,0,0,0,0,0,0,3,0,0,0,0,0,0,0,1,2.074074074074074,3.125,inf,,0.0,,0.0,0.1111111111111111,,,,,,,,,,inf,,,,,,,,inf
13,13,2020-03-19,62,34,28,56,2,0,0,0,0,1,0,0,0,0,0,0,1,0,0,0,0,0,2,0,0,0,0,0,1.1071428571428572,1.12,2.0,,,,,1.0,,,,,,,inf,,,0.0,,,inf,,,,,0.0
14,14,2020-03-20,56,24,32,26,0,15,1,0,2,2,0,0,0,2,0,0,1,0,0,0,0,0,7,0,0,0,0,0,0.9032258064516128,0.4642857142857143,0.0,inf,inf,,inf,2.0,,,,inf,,,1.0,,,,,,3.5,,,,,
15,15,2020-03-21,30,11,19,27,0,1,0,0,0,2,0,0,0,0,0,0,0,0,0,0,0,0,0,0,0,0,0,0,0.5357142857142857,1.0384615384615383,,0.06666666666666668,0.0,,0.0,1.0,,,,0.0,,,0.0,,,,,,0.0,,,,,
16,16,2020-03-22,39,17,22,32,0,0,1,0,0,0,0,1,0,0,0,0,3,0,0,2,0,0,0,0,0,0,0,0,1.3,1.1851851851851851,,0.0,inf,,,0.0,,inf,,,,,inf,,,inf,,,,,,,,
17,17,2020-03-23,33,16,17,26,0,0,1,0,1,0,0,0,0,0,0,0,2,0,0,0,0,0,0,0,0,0,3,0,0.8461538461538461,0.8125,,,1.0,,inf,,,0.0,,,,,0.6666666666666666,,,0.0,,,,,,,inf,
18,18,2020-03-24,64,34,30,47,1,0,2,1,1,2,0,0,0,4,0,0,1,0,0,4,0,0,1,0,0,0,0,0,1.9393939393939397,1.807692307692308,inf,,2.0,inf,1.0,inf,,,,inf,,,0.5,,,inf,,,inf,,,,0.0,
19,19,2020-03-25,100,65,35,84,1,1,5,0,3,0,0,1,0,0,0,0,5,0,0,0,0,0,0,0,0,0,0,0,1.5625,1.7872340425531914,1.0,inf,2.5,0.0,3.0,0.0,,inf,,0.0,,,5.0,,,0.0,,,0.0,,,,,
20,20,2020-03-26,52,29,23,38,0,0,2,0,0,5,0,0,0,1,0,0,0,0,0,0,0,2,1,0,1,0,2,0,0.52,0.4523809523809524,0.0,0.0,0.4,,0.0,inf,,0.0,,inf,,,0.0,,,,,inf,inf,,inf,,inf,
21,21,2020-03-27,34,23,11,22,0,0,1,0,1,4,1,1,0,2,0,0,0,0,0,1,0,0,0,0,0,0,1,0,0.6538461538461539,0.5789473684210527,,,0.5,,inf,0.8,inf,inf,,2.0,,,,,,inf,,0.0,0.0,,0.0,,0.5,
22,22,2020-03-28,137,91,46,84,0,1,5,0,2,25,2,0,1,7,0,0,0,0,0,6,0,0,1,1,0,0,2,0,4.029411764705882,3.8181818181818175,,inf,5.0,,2.0,6.25,2.0,0.0,inf,3.5,,,,,,6.0,,,inf,inf,,,2.0,
23,23,2020-03-29,142,86,56,107,5,0,10,0,2,1,1,1,0,1,0,0,6,0,0,8,0,0,0,0,0,0,0,0,1.0364963503649636,1.2738095238095235,inf,0.0,2.0,,1.0,0.04,0.5,inf,0.0,0.14285714285714285,,,inf,,,1.3333333333333333,,,0.0,0.0,,,0.0,
24,24,2020-03-30,130,72,58,96,0,0,1,0,4,5,1,0,0,8,1,0,5,0,0,1,0,2,4,0,0,0,2,0,0.9154929577464788,0.8971962616822429,0.0,,0.1,,2.0,5.0,1.0,0.0,,8.0,inf,,0.8333333333333334,,,0.125,,inf,inf,,,,inf,
25,25,2020-03-31,251,151,100,193,2,5,12,0,11,4,0,3,0,4,0,0,4,0,0,8,1,0,0,1,0,0,3,0,1.9307692307692308,2.0104166666666665,inf,inf,12.0,,2.75,0.8,0.0,inf,,0.5,0.0,,0.8,,,8.0,inf,0.0,0.0,inf,,,1.5,
26,26,2020-04-01,117,79,38,61,0,4,22,1,7,11,0,0,0,1,0,0,0,0,1,4,0,0,2,0,0,0,2,1,0.4661354581673306,0.3160621761658031,0.0,0.8,1.8333333333333333,inf,0.6363636363636364,2.75,,0.0,,0.25,,,0.0,,inf,0.5,0.0,,inf,0.0,,,0.6666666666666666,inf
27,27,2020-04-02,222,137,85,170,2,1,6,1,7,9,0,0,0,5,0,1,7,0,0,7,0,0,0,0,0,0,6,0,1.8974358974358971,2.7868852459016398,inf,0.25,0.2727272727272727,1.0,1.0,0.8181818181818182,,,,5.0,,inf,inf,,0.0,1.75,,,0.0,,,,3.0,0.0
28,28,2020-04-03,291,178,113,184,1,2,14,2,5,25,3,4,0,31,0,1,0,0,0,4,1,0,8,0,1,0,5,0,1.3108108108108107,1.0823529411764703,0.5,2.0,2.333333333333333,2.0,0.7142857142857143,2.7777777777777777,inf,inf,,6.2,,1.0,0.0,,,0.5714285714285714,inf,,inf,,inf,,0.8333333333333334,
29,29,2020-04-04,825,522,303,496,9,5,169,0,1,40,0,5,2,49,0,6,14,0,0,11,0,0,0,6,1,1,10,0,2.8350515463917527,2.6956521739130435,9.0,2.5,12.071428571428573,0.0,0.2,1.6,0.0,1.25,inf,1.5806451612903225,,6.0,inf,,,2.75,0.0,,0.0,inf,1.0,inf,2.0,
30,30,2020-04-05,436,265,171,306,7,1,47,0,7,31,0,4,2,8,0,0,9,4,0,2,1,1,4,0,2,0,0,0,0.5284848484848484,0.6169354838709677,0.7777777777777778,0.2,0.2781065088757396,,7.0,0.775,,0.8,1.0,0.16326530612244894,,0.0,0.6428571428571429,inf,,0.18181818181818185,inf,inf,inf,0.0,2.0,0.0,0.0,
31,31,2020-04-06,634,382,252,470,13,8,66,0,4,10,0,7,0,28,1,5,7,1,0,1,5,3,0,0,0,1,4,0,1.4541284403669723,1.5359477124183007,1.8571428571428568,8.0,1.4042553191489362,,0.5714285714285714,0.3225806451612903,,1.75,0.0,3.5,inf,inf,0.7777777777777778,0.25,,0.5,5.0,3.0,0.0,,0.0,inf,inf,
32,32,2020-04-07,1014,614,400,608,26,11,50,3,19,100,3,9,0,156,0,1,4,3,0,0,1,2,13,1,0,0,4,0,1.5993690851735016,1.2936170212765958,2.0,1.375,0.7575757575757576,inf,4.75,10.0,inf,1.2857142857142858,,5.571428571428571,0.0,0.2,0.5714285714285714,3.0,,0.0,0.2,0.6666666666666666,inf,inf,,0.0,1.0,
33,33,2020-04-08,1060,686,374,676,9,20,127,3,22,68,4,9,3,75,0,0,5,4,0,3,0,5,2,0,0,1,22,2,1.0453648915187377,1.111842105263158,0.3461538461538461,1.818181818181818,2.54,1.0,1.1578947368421053,0.68,1.3333333333333333,1.0,inf,0.4807692307692308,,0.0,1.25,1.3333333333333333,,inf,0.0,2.5,0.15384615384615385,0.0,,inf,5.5,inf
34,34,2020-04-09,789,462,327,608,13,27,48,5,7,5,5,5,2,19,1,0,6,5,3,2,0,7,14,0,5,0,1,1,0.7443396226415094,0.8994082840236687,1.4444444444444444,1.35,0.3779527559055118,1.6666666666666667,0.3181818181818182,0.07352941176470587,1.25,0.5555555555555556,0.6666666666666666,0.2533333333333333,inf,,1.2,1.25,inf,0.6666666666666666,,1.4,7.0,,inf,0.0,0.045454545454545456,0.5
35,35,2020-04-10,1028,627,401,780,16,36,88,0,5,7,0,15,2,59,0,3,2,0,0,3,0,3,2,0,1,3,3,0,1.3029150823827629,1.2828947368421053,1.2307692307692308,1.3333333333333333,1.8333333333333333,0.0,0.7142857142857143,1.4,0.0,3.0,1.0,3.1052631578947367,0.0,inf,0.3333333333333333,0.0,0.0,1.5,,0.42857142857142855,0.14285714285714285,,0.2,inf,3.0,0.0
36,36,2020-04-11,1364,876,488,733,26,49,300,1,8,13,15,19,0,66,1,1,12,0,2,43,2,7,8,0,2,3,39,14,1.3268482490272373,0.9397435897435896,1.625,1.3611111111111112,3.4090909090909087,inf,1.6,1.8571428571428568,inf,1.2666666666666666,0.0,1.11864406779661,inf,0.3333333333333333,6.0,,inf,14.333333333333336,inf,2.333333333333333,4.0,,2.0,1.0,13.0,inf
37,37,2020-04-12,713,412,301,499,7,30,36,1,3,24,0,3,0,56,0,3,15,7,0,0,2,4,4,0,0,0,6,13,0.5227272727272727,0.6807639836289222,0.2692307692307692,0.6122448979591837,0.12,1.0,0.375,1.8461538461538465,0.0,0.15789473684210525,,0.8484848484848485,0.0,3.0,1.25,inf,0.0,0.0,1.0,0.5714285714285714,0.5,,0.0,0.0,0.15384615384615385,0.9285714285714286
38,38,2020-04-13,1260,842,418,702,17,31,306,3,23,26,0,27,5,58,1,10,12,0,4,1,1,5,9,0,0,2,13,4,1.7671809256661992,1.406813627254509,2.4285714285714284,1.0333333333333334,8.5,3.0,7.666666666666668,1.0833333333333333,,9.0,inf,1.0357142857142858,inf,3.333333333333333,0.8,0.0,inf,inf,0.5,1.25,2.25,,,inf,2.1666666666666665,0.3076923076923077
39,39,2020-04-14,1006,609,397,588,28,52,83,7,25,30,6,6,5,59,0,6,13,8,9,3,1,10,33,3,0,5,22,4,0.7984126984126985,0.8376068376068376,1.6470588235294117,1.6774193548387095,0.27124183006535946,2.333333333333333,1.0869565217391304,1.1538461538461535,inf,0.2222222222222222,1.0,1.0172413793103448,0.0,0.6,1.0833333333333333,inf,2.25,3.0,1.0,2.0,3.6666666666666665,inf,,2.5,1.6923076923076923,1.0
40,40,2020-04-15,1322,821,501,732,42,77,97,10,25,13,13,13,4,174,4,21,27,7,3,1,4,14,12,2,0,4,17,6,1.3141153081510937,1.2448979591836735,1.5,1.4807692307692308,1.1686746987951808,1.4285714285714286,1.0,0.43333333333333335,2.1666666666666665,2.1666666666666665,0.8,2.949152542372881,inf,3.5,2.0769230769230766,0.875,0.3333333333333333,0.3333333333333333,4.0,1.4,0.3636363636363637,0.6666666666666666,,0.8,0.7727272727272727,1.5
41,41,2020-04-16,1297,729,568,813,38,52,99,5,24,8,11,23,1,84,2,6,40,3,4,8,5,11,28,6,3,5,12,6,0.9810892586989409,1.110655737704918,0.9047619047619048,0.6753246753246753,1.0206185567010309,0.5,0.96,0.6153846153846154,0.8461538461538461,1.7692307692307692,0.25,0.4827586206896552,0.5,0.2857142857142857,1.4814814814814814,0.42857142857142855,1.3333333333333333,8.0,1.25,0.7857142857142857,2.333333333333333,3.0,inf,1.25,0.7058823529411765,1.0
42,42,2020-04-17,1084,597,487,558,25,47,115,10,26,58,12,22,4,77,4,15,12,1,5,7,1,38,20,9,2,4,7,5,0.8357748650732459,0.6863468634686347,0.6578947368421053,0.903846153846154,1.1616161616161615,2.0,1.0833333333333333,7.25,1.0909090909090908,0.9565217391304348,4.0,0.9166666666666666,2.0,2.5,0.3,0.3333333333333333,1.25,0.875,0.2,3.4545454545454546,0.7142857142857143,1.5,0.6666666666666666,0.8,0.5833333333333334,0.8333333333333334
43,43,2020-04-18,1367,837,530,844,57,41,103,7,26,71,12,19,0,47,9,19,33,3,3,11,0,20,14,5,13,0,6,4,1.2610701107011069,1.5125448028673836,2.28,0.8723404255319149,0.8956521739130435,0.7,1.0,1.2241379310344829,1.0,0.8636363636363636,0.0,0.6103896103896104,2.25,1.2666666666666666,2.75,3.0,0.6,1.5714285714285714,0.0,0.5263157894736842,0.7,0.5555555555555556,6.5,0.0,0.8571428571428571,0.8
44,44,2020-04-19,1056,649,407,822,9,11,78,2,10,42,1,4,3,26,0,22,3,1,0,0,1,4,5,3,2,1,6,0,0.7724945135332846,0.9739336492890996,0.15789473684210525,0.2682926829268293,0.7572815533980582,0.2857142857142857,0.38461538461538464,0.5915492957746479,0.08333333333333333,0.21052631578947367,inf,0.5531914893617021,0.0,1.1578947368421053,0.09090909090909093,0.3333333333333333,0.0,0.0,inf,0.2,0.35714285714285715,0.6,0.15384615384615385,inf,1.0,0.0
45,45,2020-04-20,1954,1276,678,1071,31,54,370,11,42,42,7,28,3,139,10,26,28,3,1,15,3,7,19,6,13,3,17,5,1.850378787878788,1.302919708029197,3.4444444444444446,4.909090909090909,4.743589743589744,5.5,4.2,1.0,7.0,7.0,1.0,5.346153846153847,inf,1.181818181818182,9.333333333333334,3.0,inf,inf,3.0,1.75,3.8,2.0,6.5,3.0,2.833333333333333,inf
46,46,2020-04-21,2081,1443,638,1179,45,50,426,9,38,19,5,22,1,131,15,23,28,7,7,7,1,10,28,5,11,7,2,5,1.0649948822927329,1.100840336134454,1.4516129032258065,0.925925925925926,1.1513513513513514,0.8181818181818182,0.9047619047619048,0.4523809523809524,0.7142857142857143,0.7857142857142857,0.3333333333333333,0.9424460431654677,1.5,0.8846153846153846,1.0,2.333333333333333,7.0,0.4666666666666667,0.3333333333333333,1.4285714285714286,1.4736842105263157,0.8333333333333334,0.8461538461538461,2.333333333333333,0.1176470588235294,1.0
47,47,2020-04-22,2069,1260,809,1419,29,72,121,34,43,18,4,32,2,136,6,24,43,3,3,19,4,5,20,6,2,4,7,13,0.9942335415665544,1.2035623409669212,0.6444444444444445,1.44,0.28403755868544606,3.7777777777777777,1.131578947368421,0.9473684210526316,0.8,1.4545454545454546,2.0,1.0381679389312977,0.4,1.0434782608695652,1.5357142857142858,0.42857142857142855,0.42857142857142855,2.7142857142857144,4.0,0.5,0.7142857142857143,1.2,0.18181818181818185,0.5714285714285714,3.5,2.6
48,48,2020-04-23,2029,1231,798,1273,47,102,159,8,40,25,2,34,2,177,8,15,56,2,3,14,3,9,22,4,4,6,12,2,0.9806669888835186,0.8971106412966878,1.6206896551724137,1.4166666666666667,1.3140495867768596,0.2352941176470588,0.9302325581395348,1.3888888888888888,0.5,1.0625,1.0,1.3014705882352942,1.3333333333333333,0.625,1.3023255813953492,0.6666666666666666,1.0,0.7368421052631579,0.75,1.8,1.1,0.6666666666666666,2.0,1.5,1.7142857142857142,0.15384615384615385
49,49,2020-04-24,2183,1328,855,1273,56,151,123,22,20,79,13,16,5,212,16,51,66,6,2,3,3,9,11,5,3,15,20,3,1.0758994578610153,1.0,1.1914893617021276,1.4803921568627452,0.7735849056603774,2.75,0.5,3.16,6.5,0.4705882352941176,2.5,1.1977401129943503,2.0,3.4,1.1785714285714286,3.0,0.6666666666666666,0.21428571428571427,1.0,1.0,0.5,1.25,0.75,2.5,1.6666666666666667,1.5
50,50,2020-04-25,2343,1378,965,1373,81,156,171,15,51,83,29,27,7,135,17,21,24,10,8,11,14,48,15,6,8,14,12,7,1.0732936326156666,1.0785545954438334,1.4464285714285714,1.033112582781457,1.3902439024390243,0.6818181818181818,2.55,1.0506329113924051,2.230769230769231,1.6875,1.4,0.6367924528301887,1.0625,0.4117647058823529,0.3636363636363637,1.6666666666666667,4.0,3.6666666666666665,4.666666666666667,5.333333333333333,1.3636363636363635,1.2,2.6666666666666665,0.9333333333333332,0.6,2.333333333333333
51,51,2020-04-26,1387,840,547,949,13,79,67,3,8,58,16,10,13,70,14,17,4,9,4,1,11,6,12,3,5,5,9,1,0.5919760990183526,0.6911871813546977,0.16049382716049382,0.5064102564102564,0.391812865497076,0.2,0.1568627450980392,0.6987951807228916,0.5517241379310345,0.3703703703703704,1.8571428571428568,0.5185185185185185,0.8235294117647058,0.8095238095238095,0.16666666666666666,0.9,0.5,0.09090909090909093,0.7857142857142857,0.125,0.8,0.5,0.625,0.35714285714285715,0.75,0.14285714285714285
52,52,2020-04-27,3361,2091,1270,1942,47,235,230,10,71,74,23,51,17,295,28,109,76,17,6,14,18,20,33,5,12,3,16,9,2.4232155731795237,2.0463645943098,3.615384615384616,2.9746835443037973,3.4328358208955225,3.333333333333333,8.875,1.2758620689655171,1.4375,5.1,1.3076923076923077,4.214285714285714,2.0,6.411764705882352,19.0,1.8888888888888888,1.5,14.0,1.6363636363636365,3.333333333333333,2.75,1.6666666666666667,2.4,0.6,1.7777777777777777,9.0
53,53,2020-04-28,3311,1988,1323,1676,91,138,199,14,175,173,42,90,13,240,22,184,76,32,6,23,13,15,43,14,5,12,12,3,0.9851234751562036,0.8630278063851701,1.9361702127659572,0.5872340425531914,0.8652173913043478,1.4,2.4647887323943656,2.3378378378378377,1.826086956521739,1.7647058823529411,0.7647058823529411,0.8135593220338984,0.7857142857142857,1.688073394495413,1.0,1.8823529411764703,1.0,1.6428571428571428,0.7222222222222222,0.75,1.303030303030303,2.8,0.4166666666666667,4.0,0.75,0.3333333333333333
54,54,2020-04-29,3942,2441,1501,2247,79,149,181,29,142,235,21,131,32,248,18,87,111,28,7,22,20,13,45,9,13,20,47,8,1.1905768649954696,1.340692124105012,0.8681318681318682,1.079710144927536,0.9095477386934674,2.071428571428572,0.8114285714285714,1.3583815028901731,0.5,1.4555555555555555,2.4615384615384617,1.0333333333333334,0.8181818181818182,0.4728260869565217,1.4605263157894737,0.875,1.1666666666666667,0.9565217391304348,1.5384615384615383,0.8666666666666667,1.0465116279069768,0.6428571428571429,2.6,1.6666666666666667,3.9166666666666665,2.6666666666666665
55,55,2020-04-30,3140,1871,1269,1708,108,178,253,47,114,94,15,41,13,212,18,79,69,15,13,17,7,19,66,10,1,10,30,3,0.7965499746321664,0.7601246105919003,1.3670886075949369,1.1946308724832215,1.3977900552486189,1.6206896551724137,0.8028169014084507,0.4,0.7142857142857143,0.31297709923664124,0.40625,0.8548387096774194,1.0,0.9080459770114944,0.6216216216216216,0.5357142857142857,1.8571428571428568,0.7727272727272727,0.35,1.4615384615384617,1.4666666666666666,1.1111111111111112,0.07692307692307693,0.5,0.6382978723404256,0.375
56,56,2020-05-01,2492,1440,1052,1372,63,139,114,19,52,144,18,35,12,227,8,76,38,47,0,6,49,8,26,4,5,11,17,2,0.7936305732484077,0.8032786885245902,0.5833333333333334,0.7808988764044944,0.4505928853754941,0.40425531914893614,0.456140350877193,1.5319148936170213,1.2,0.8536585365853658,0.9230769230769232,1.070754716981132,0.4444444444444444,0.9620253164556962,0.5507246376811594,3.1333333333333333,0.0,0.35294117647058826,7.0,0.42105263157894735,0.3939393939393939,0.4,5.0,1.1,0.5666666666666667,0.6666666666666666
57,57,2020-05-02,3246,1926,1320,1893,119,196,212,29,110,105,30,48,16,144,5,106,31,50,1,11,22,3,55,5,9,4,39,3,1.3025682182985554,1.379737609329446,1.8888888888888888,1.4100719424460433,1.8596491228070176,1.5263157894736843,2.1153846153846154,0.7291666666666666,1.6666666666666667,1.3714285714285714,1.3333333333333333,0.6343612334801763,0.625,1.3947368421052628,0.8157894736842105,1.0638297872340423,inf,1.8333333333333333,0.4489795918367347,0.375,2.1153846153846154,1.25,1.8,0.3636363636363637,2.294117647058824,1.5
58,58,2020-05-03,1865,1077,788,1213,25,84,95,13,50,23,20,28,2,131,1,94,7,2,0,2,6,4,48,4,2,0,11,0,0.5745532963647566,0.6407818277865821,0.21008403361344535,0.42857142857142855,0.4481132075471698,0.4482758620689655,0.4545454545454545,0.21904761904761905,0.6666666666666666,0.5833333333333334,0.125,0.9097222222222222,0.2,0.8867924528301887,0.2258064516129032,0.04,0.0,0.18181818181818185,0.2727272727272727,1.3333333333333333,0.8727272727272727,0.8,0.2222222222222222,0.0,0.28205128205128205,0.0
59,59,2020-05-04,3800,2194,1606,2324,97,211,196,14,120,133,7,62,27,306,7,91,50,26,6,7,2,7,44,5,20,12,21,5,2.037533512064343,1.9159109645507009,3.88,2.511904761904762,2.0631578947368423,1.0769230769230769,2.4,5.782608695652174,0.35,2.2142857142857144,13.5,2.33587786259542,7.0,0.9680851063829788,7.142857142857142,13.0,inf,3.5,0.3333333333333333,1.75,0.9166666666666666,1.25,10.0,inf,1.9090909090909087,inf
60,60,2020-05-05,3784,2195,1589,2372,120,208,270,14,151,57,11,37,16,223,8,59,57,12,3,24,34,4,60,9,8,13,10,4,0.9957894736842106,1.0206540447504302,1.2371134020618555,0.985781990521327,1.3775510204081634,1.0,1.2583333333333333,0.42857142857142855,1.5714285714285714,0.5967741935483871,0.5925925925925926,0.7287581699346405,1.1428571428571428,0.6483516483516484,1.14,0.4615384615384616,0.5,3.4285714285714284,17.0,0.5714285714285714,1.3636363636363635,1.8,0.4,1.0833333333333333,0.4761904761904762,0.8
61,61,2020-05-06,3587,2115,1472,2242,74,205,248,10,112,110,31,60,20,163,4,81,56,11,1,50,2,11,57,5,9,5,14,6,0.947938689217759,0.945193929173693,0.6166666666666667,0.9855769230769232,0.9185185185185184,0.7142857142857143,0.7417218543046358,1.9298245614035088,2.8181818181818183,1.6216216216216215,1.25,0.7309417040358744,0.5,1.3728813559322033,0.9824561403508772,0.9166666666666666,0.3333333333333333,2.083333333333333,0.05882352941176471,2.75,0.95,0.5555555555555556,1.125,0.38461538461538464,1.4,1.5
62,62,2020-05-07,3598,2147,1451,2379,78,146,329,8,54,76,61,76,13,151,3,12,47,9,0,48,5,12,63,1,7,4,14,2,1.0030666294954,1.0611061552185548,1.054054054054054,0.7121951219512195,1.3266129032258065,0.8,0.4821428571428572,0.6909090909090909,1.9677419354838708,1.2666666666666666,0.65,0.9263803680981596,0.75,0.14814814814814814,0.8392857142857143,0.8181818181818182,0.0,0.96,2.5,1.0909090909090908,1.1052631578947372,0.2,0.7777777777777778,0.8,1.0,0.3333333333333333
63,63,2020-05-08,3314,1940,1374,2051,53,145,222,11,72,126,50,97,24,150,1,101,39,19,0,48,13,5,41,5,2,23,11,5,0.9210672595886604,0.8621269440941572,0.6794871794871795,0.9931506849315068,0.6747720364741642,1.375,1.3333333333333333,1.6578947368421053,0.819672131147541,1.2763157894736843,1.8461538461538465,0.9933774834437086,0.3333333333333333,8.416666666666666,0.8297872340425532,2.1111111111111107,,1.0,2.6,0.4166666666666667,0.6507936507936508,5.0,0.2857142857142857,5.75,0.7857142857142857,2.5
64,64,2020-05-09,2459,1458,1001,1412,69,89,185,6,79,105,28,37,9,67,5,190,59,4,1,11,5,13,35,8,6,2,21,13,0.7420036210018105,0.6884446611409069,1.30188679245283,0.6137931034482759,0.8333333333333334,0.5454545454545454,1.0972222222222223,0.8333333333333334,0.56,0.38144329896907214,0.375,0.44666666666666666,5.0,1.8811881188118809,1.5128205128205128,0.21052631578947367,inf,0.22916666666666666,0.38461538461538464,2.6,0.8536585365853658,1.6,3.0,0.08695652173913042,1.9090909090909087,2.6
65,65,2020-05-10,930,515,415,595,11,38,42,2,37,51,14,12,2,27,1,47,25,0,0,2,1,2,17,0,2,0,2,0,0.3782025213501423,0.4213881019830028,0.15942028985507245,0.42696629213483145,0.22702702702702704,0.3333333333333333,0.4683544303797468,0.4857142857142857,0.5,0.32432432432432434,0.2222222222222222,0.4029850746268657,0.2,0.2473684210526316,0.42372881355932196,0.0,0.0,0.18181818181818185,0.2,0.15384615384615385,0.4857142857142857,0.0,0.3333333333333333,0.0,0.09523809523809523,0.0
66,66,2020-05-11,3515,2241,1274,2300,121,151,209,13,57,189,8,42,14,127,3,46,51,12,3,55,1,16,44,1,3,3,30,16,3.7795698924731194,3.865546218487395,11.0,3.9736842105263164,4.976190476190476,6.5,1.5405405405405406,3.7058823529411766,0.5714285714285714,3.5,7.0,4.703703703703703,3.0,0.9787234042553192,2.04,inf,inf,27.5,1.0,8.0,2.588235294117647,inf,1.5,inf,15.0,inf
67,67,2020-05-12,4315,2619,1696,2926,101,132,316,22,103,118,12,94,17,129,4,84,104,11,3,33,1,13,38,3,9,2,29,11,1.2275960170697011,1.2721739130434782,0.8347107438016529,0.8741721854304636,1.5119617224880382,1.6923076923076923,1.8070175438596487,0.6243386243386243,1.5,2.238095238095238,1.2142857142857142,1.015748031496063,1.3333333333333333,1.826086956521739,2.0392156862745097,0.9166666666666666,1.0,0.6,1.0,0.8125,0.8636363636363636,3.0,3.0,0.6666666666666666,0.9666666666666668,0.6875
68,68,2020-05-13,4430,2703,1727,2811,152,115,351,3,72,153,29,73,19,164,1,109,112,8,2,47,5,62,74,4,8,6,36,14,1.0266512166859791,0.9606971975393028,1.504950495049505,0.8712121212121212,1.110759493670886,0.13636363636363635,0.6990291262135923,1.2966101694915255,2.4166666666666665,0.7765957446808509,1.1176470588235294,1.2713178294573644,0.25,1.2976190476190477,1.0769230769230769,0.7272727272727273,0.6666666666666666,1.4242424242424243,5.0,4.769230769230768,1.947368421052632,1.3333333333333333,0.8888888888888888,3.0,1.2413793103448276,1.2727272727272727
69,69,2020-05-14,3707,2186,1521,2138,179,135,325,12,83,133,38,84,12,180,1,110,121,3,2,31,12,26,29,6,12,4,23,8,0.8367945823927765,0.7605834222696549,1.1776315789473684,1.173913043478261,0.925925925925926,4.0,1.1527777777777777,0.8692810457516341,1.3103448275862069,1.1506849315068493,0.631578947368421,1.0975609756097562,1.0,1.0091743119266054,1.0803571428571428,0.375,1.0,0.6595744680851063,2.4,0.41935483870967744,0.3918918918918919,1.5,1.5,0.6666666666666666,0.6388888888888888,0.5714285714285714
70,70,2020-05-15,4266,2654,1612,2420,166,99,310,20,210,237,21,102,47,259,7,104,96,23,3,6,5,23,48,10,7,1,38,4,1.1507957917453466,1.1318989710009355,0.9273743016759776,0.7333333333333333,0.953846153846154,1.6666666666666667,2.5301204819277108,1.781954887218045,0.5526315789473685,1.2142857142857142,3.9166666666666665,1.4388888888888889,7.0,0.9454545454545454,0.7933884297520661,7.666666666666668,1.5,0.1935483870967742,0.4166666666666667,0.8846153846153846,1.6551724137931034,1.6666666666666667,0.5833333333333334,0.25,1.6521739130434785,0.5
71,71,2020-05-16,4110,2558,1552,2396,103,58,215,13,145,156,54,118,39,134,1,407,85,32,0,10,5,8,43,5,15,13,36,19,0.9634317862165964,0.9900826446280993,0.6204819277108434,0.5858585858585859,0.6935483870967742,0.65,0.6904761904761905,0.6582278481012658,2.571428571428572,1.156862745098039,0.8297872340425532,0.5173745173745173,0.14285714285714285,3.9134615384615374,0.8854166666666666,1.391304347826087,0.0,1.6666666666666667,1.0,0.3478260869565217,0.8958333333333334,0.5,2.142857142857143,13.0,0.9473684210526316,4.75
72,72,2020-05-17,1792,1028,764,1308,49,50,108,2,6,77,19,34,8,26,0,52,8,1,2,0,9,5,8,0,6,0,14,0,0.4360097323600973,0.5459098497495827,0.4757281553398058,0.8620689655172413,0.5023255813953489,0.15384615384615385,0.04137931034482759,0.4935897435897436,0.35185185185185186,0.288135593220339,0.20512820512820512,0.19402985074626866,0.0,0.12776412776412774,0.09411764705882353,0.03125,inf,0.0,1.8,0.625,0.18604651162790695,0.0,0.4,0.0,0.3888888888888889,0.0
73,73,2020-05-18,5096,3231,1865,3098,96,181,236,18,120,165,92,182,15,224,5,354,86,18,4,6,6,17,98,17,8,9,24,17,2.84375,2.368501529051988,1.959183673469388,3.62,2.185185185185185,9.0,20.0,2.142857142857143,4.842105263157895,5.352941176470588,1.875,8.615384615384615,inf,6.807692307692308,10.75,18.0,2.0,inf,0.6666666666666666,3.4,12.25,inf,1.3333333333333333,inf,1.7142857142857142,inf
74,74,2020-05-19,5089,3049,2040,2812,281,262,382,28,133,253,89,88,16,218,4,140,122,30,2,39,16,20,39,12,15,39,40,9,0.9986263736263736,0.907682375726275,2.927083333333333,1.4475138121546962,1.61864406779661,1.5555555555555556,1.1083333333333334,1.5333333333333334,0.9673913043478259,0.4835164835164835,1.0666666666666669,0.9732142857142856,0.8,0.3954802259887006,1.4186046511627908,1.6666666666666667,0.5,6.5,2.6666666666666665,1.1764705882352942,0.3979591836734694,0.7058823529411765,1.875,4.333333333333333,1.6666666666666667,0.5294117647058824
75,75,2020-05-20,5193,3149,2044,2979,125,377,349,24,142,195,41,99,17,134,6,317,156,10,0,31,10,17,45,8,19,60,27,5,1.0204362350167029,1.0593883357041252,0.4448398576512456,1.4389312977099236,0.9136125654450262,0.8571428571428571,1.0676691729323309,0.7707509881422925,0.4606741573033708,1.125,1.0625,0.6146788990825688,1.5,2.2642857142857142,1.278688524590164,0.3333333333333333,0.0,0.7948717948717948,0.625,0.85,1.1538461538461535,0.6666666666666666,1.2666666666666666,1.5384615384615383,0.675,0.5555555555555556
76,76,2020-05-21,5378,3198,2180,2990,134,343,382,19,267,201,43,172,19,165,22,160,144,54,5,39,17,9,38,30,31,49,35,10,1.0356248796456768,1.0036925142665325,1.072,0.9098143236074272,1.0945558739255017,0.7916666666666666,1.8802816901408448,1.0307692307692309,1.0487804878048779,1.7373737373737377,1.1176470588235294,1.2313432835820894,3.6666666666666665,0.5047318611987381,0.9230769230769232,5.4,inf,1.2580645161290325,1.7,0.5294117647058824,0.8444444444444444,3.75,1.631578947368421,0.8166666666666667,1.2962962962962965,2.0
77,77,2020-05-22,6044,3654,2390,3431,175,476,428,29,234,152,26,94,40,156,13,187,197,25,13,43,24,36,54,28,42,60,41,40,1.1238378579397543,1.1474916387959866,1.3059701492537314,1.3877551020408163,1.1204188481675392,1.5263157894736843,0.8764044943820225,0.7562189054726368,0.6046511627906976,0.5465116279069767,2.1052631578947367,0.9454545454545454,0.5909090909090909,1.16875,1.3680555555555556,0.462962962962963,2.6,1.1025641025641026,1.4117647058823528,4.0,1.4210526315789471,0.9333333333333332,1.3548387096774193,1.2244897959183674,1.1714285714285717,4.0
78,78,2020-05-23,5308,3207,2101,3030,140,534,346,41,186,147,18,78,31,199,6,125,146,7,8,32,6,22,37,43,36,35,29,26,0.8782263401720715,0.8831244535120956,0.8,1.1218487394957983,0.8084112149532711,1.4137931034482758,0.7948717948717948,0.9671052631578948,0.6923076923076923,0.8297872340425532,0.775,1.2756410256410255,0.4615384615384616,0.6684491978609626,0.7411167512690355,0.28,0.6153846153846154,0.7441860465116279,0.25,0.6111111111111112,0.6851851851851852,1.5357142857142858,0.8571428571428571,0.5833333333333334,0.7073170731707317,0.65
79,79,2020-05-24,1790,1000,790,981,52,200,72,7,68,96,15,20,6,96,2,36,35,4,0,6,7,7,21,2,25,18,14,0,0.3372268274302939,0.3237623762376238,0.37142857142857133,0.3745318352059925,0.20809248554913296,0.17073170731707318,0.3655913978494624,0.6530612244897959,0.8333333333333334,0.2564102564102564,0.1935483870967742,0.4824120603015075,0.3333333333333333,0.28800000000000003,0.23972602739726026,0.5714285714285714,0.0,0.1875,1.1666666666666667,0.3181818181818182,0.5675675675675675,0.04651162790697674,0.6944444444444444,0.5142857142857142,0.4827586206896552,0.0
80,80,2020-05-25,6869,3994,2875,4113,178,470,409,31,269,128,24,247,25,320,16,66,192,49,21,51,12,30,51,37,15,32,44,39,3.837430167597765,4.192660550458716,3.4230769230769234,2.35,5.6805555555555545,4.428571428571429,3.9558823529411766,1.3333333333333333,1.6,12.35,4.166666666666667,3.333333333333333,8.0,1.8333333333333333,5.485714285714287,12.25,inf,8.5,1.7142857142857142,4.285714285714286,2.4285714285714284,18.5,0.6,1.7777777777777777,3.1428571428571432,inf
81,81,2020-05-26,6819,3983,2836,4063,186,411,496,31,182,188,62,168,23,460,0,180,129,21,2,30,9,21,53,6,13,27,37,21,0.9927209200757025,0.9878434232920008,1.0449438202247192,0.874468085106383,1.212713936430318,1.0,0.6765799256505576,1.46875,2.583333333333333,0.680161943319838,0.92,1.4375,0.0,2.727272727272727,0.671875,0.42857142857142855,0.09523809523809523,0.5882352941176471,0.75,0.7,1.03921568627451,0.16216216216216214,0.8666666666666667,0.84375,0.8409090909090909,0.5384615384615384
82,82,2020-05-27,7294,4192,3102,4251,225,456,511,19,181,140,65,210,52,508,16,161,184,16,8,37,14,32,82,7,25,39,28,27,1.0696583076697463,1.0462712281565345,1.2096774193548387,1.1094890510948905,1.030241935483871,0.6129032258064516,0.9945054945054944,0.7446808510638298,1.0483870967741935,1.25,2.260869565217391,1.1043478260869566,inf,0.8944444444444445,1.426356589147287,0.7619047619047619,4.0,1.2333333333333334,1.5555555555555556,1.5238095238095235,1.5471698113207548,1.1666666666666667,1.9230769230769231,1.4444444444444444,0.7567567567567568,1.2857142857142858
83,83,2020-05-28,6374,3739,2635,3558,241,356,510,32,307,77,65,132,28,315,13,208,186,24,9,46,10,23,67,31,22,17,44,53,0.873868933369893,0.8369795342272407,1.0711111111111111,0.7807017543859649,0.9980430528375732,1.6842105263157894,1.6961325966850829,0.55,1.0,0.6285714285714286,0.5384615384615384,0.6200787401574803,0.8125,1.291925465838509,1.0108695652173914,1.5,1.125,1.2432432432432432,0.7142857142857143,0.71875,0.8170731707317073,4.428571428571429,0.88,0.4358974358974359,1.5714285714285714,1.9629629629629632
84,84,2020-05-29,5624,3294,2330,3207,174,266,358,20,160,181,51,296,16,242,24,171,165,10,9,57,11,33,68,10,4,16,23,52,0.8823344838406024,0.9013490725126476,0.7219917012448133,0.7471910112359551,0.7019607843137254,0.625,0.5211726384364821,2.3506493506493507,0.7846153846153846,2.2424242424242418,0.5714285714285714,0.7682539682539683,1.8461538461538465,0.8221153846153846,0.8870967741935484,0.4166666666666667,1.0,1.2391304347826086,1.1,1.4347826086956519,1.0149253731343284,0.3225806451612903,0.18181818181818185,0.9411764705882352,0.5227272727272727,0.981132075471698
85,85,2020-05-30,4535,2635,1900,2618,142,213,250,15,173,103,63,108,42,325,10,206,86,12,9,19,11,10,46,18,12,11,10,23,0.8063655761024182,0.8163392578734019,0.8160919540229885,0.8007518796992481,0.6983240223463687,0.75,1.08125,0.569060773480663,1.2352941176470589,0.3648648648648649,2.625,1.3429752066115703,0.4166666666666667,1.2046783625730997,0.5212121212121212,1.2,1.0,0.3333333333333333,1.0,0.30303030303030304,0.6764705882352942,1.8,3.0,0.6875,0.43478260869565216,0.4423076923076923
86,86,2020-05-31,2248,1236,1012,1405,34,25,142,5,100,278,39,28,4,60,0,50,20,12,3,1,3,9,15,0,3,1,10,1,0.4957001102535832,0.5366692131398014,0.23943661971830985,0.11737089201877934,0.568,0.3333333333333333,0.5780346820809249,2.6990291262135924,0.6190476190476191,0.25925925925925924,0.09523809523809523,0.18461538461538465,0.0,0.2427184466019417,0.2325581395348837,1.0,0.3333333333333333,0.05263157894736842,0.2727272727272727,0.9,0.32608695652173914,0.0,0.25,0.09090909090909093,1.0,0.043478260869565216
87,87,2020-06-01,3903,2146,1757,1926,134,442,169,31,224,141,90,160,32,131,6,110,60,13,6,22,12,18,46,14,33,8,41,34,1.7362099644128113,1.3708185053380784,3.941176470588236,17.68,1.1901408450704225,6.2,2.24,0.5071942446043165,2.3076923076923075,5.7142857142857135,8.0,2.183333333333333,inf,2.2,3.0,1.0833333333333333,2.0,22.0,4.0,2.0,3.066666666666667,inf,11.0,8.0,4.1,34.0
88,88,2020-06-02,3358,1795,1563,1759,127,276,173,19,96,123,98,168,13,144,12,36,97,11,13,23,5,27,51,15,9,10,29,24,0.8603638227004868,0.9132917964693664,0.9477611940298508,0.6244343891402715,1.0236686390532543,0.6129032258064516,0.42857142857142855,0.8723404255319149,1.0888888888888888,1.05,0.40625,1.0992366412213739,2.0,0.3272727272727273,1.6166666666666667,0.8461538461538461,2.1666666666666665,1.0454545454545454,0.4166666666666667,1.5,1.108695652173913,1.0714285714285714,0.2727272727272727,1.25,0.7073170731707317,0.7058823529411765
89,89,2020-06-03,2096,1200,896,861,106,186,140,28,89,59,59,90,17,118,18,38,42,19,11,11,27,27,37,12,33,13,27,28,0.6241810601548541,0.4894826606026152,0.8346456692913385,0.6739130434782609,0.8092485549132948,1.4736842105263157,0.9270833333333334,0.4796747967479675,0.6020408163265306,0.5357142857142857,1.3076923076923077,0.8194444444444444,1.5,1.0555555555555556,0.4329896907216495,1.7272727272727273,0.8461538461538461,0.4782608695652174,5.4,1.0,0.7254901960784313,0.8,3.6666666666666665,1.3,0.9310344827586208,1.1666666666666667
90,90,2020-06-04,3551,1916,1635,1798,104,383,187,16,149,132,61,77,35,158,26,35,50,24,18,14,12,75,21,14,29,22,25,86,1.6941793893129768,2.0882694541231133,0.981132075471698,2.0591397849462365,1.3357142857142856,0.5714285714285714,1.6741573033707866,2.23728813559322,1.0338983050847457,0.8555555555555555,2.0588235294117645,1.3389830508474576,1.4444444444444444,0.9210526315789472,1.1904761904761905,1.263157894736842,1.6363636363636365,1.2727272727272727,0.4444444444444444,2.7777777777777777,0.5675675675675675,1.1666666666666667,0.8787878787878788,1.6923076923076923,0.925925925925926,3.071428571428572
91,91,2020-06-05,4161,2269,1892,2596,68,295,227,28,111,121,65,75,17,78,7,146,115,25,11,17,4,36,15,19,12,4,49,20,1.1717825964517037,1.4438264738598443,0.6538461538461539,0.7702349869451697,1.213903743315508,1.75,0.7449664429530202,0.9166666666666666,1.0655737704918034,0.9740259740259741,0.4857142857142857,0.4936708860759494,0.2692307692307692,4.171428571428572,2.3,1.0416666666666667,0.6111111111111112,1.2142857142857142,0.3333333333333333,0.48,0.7142857142857143,1.3571428571428572,0.4137931034482759,0.18181818181818185,1.96,0.2325581395348837
92,92,2020-06-06,3871,2179,1692,2366,110,195,219,34,134,26,61,126,28,136,7,104,126,11,13,40,11,12,43,15,8,2,23,21,0.9303052150925258,0.911402157164869,1.6176470588235294,0.6610169491525424,0.9647577092511012,1.2142857142857142,1.207207207207207,0.21487603305785125,0.9384615384615383,1.68,1.6470588235294117,1.7435897435897436,1.0,0.7123287671232876,1.0956521739130434,0.44,1.181818181818182,2.3529411764705883,2.75,0.3333333333333333,2.8666666666666667,0.7894736842105263,0.6666666666666666,0.5,0.4693877551020408,1.05
93,93,2020-06-07,2305,1285,1020,1619,93,28,82,7,42,9,52,60,10,109,2,42,27,5,5,20,13,12,39,3,11,2,8,5,0.5954533712219064,0.6842772612003382,0.8454545454545455,0.14358974358974358,0.3744292237442922,0.2058823529411765,0.31343283582089554,0.3461538461538461,0.8524590163934426,0.4761904761904762,0.35714285714285715,0.8014705882352942,0.2857142857142857,0.40384615384615385,0.21428571428571427,0.4545454545454545,0.38461538461538464,0.5,1.181818181818182,1.0,0.9069767441860463,0.2,1.375,1.0,0.3478260869565217,0.2380952380952381
94,94,2020-06-08,2624,1426,1198,1496,62,78,192,23,140,31,55,129,33,74,3,78,60,23,3,7,7,14,45,9,8,2,18,34,1.138394793926247,0.9240271772699196,0.6666666666666666,2.7857142857142856,2.341463414634146,3.2857142857142856,3.333333333333333,3.4444444444444446,1.0576923076923077,2.15,3.3,0.6788990825688074,1.5,1.8571428571428568,2.2222222222222223,4.6,0.6,0.35,0.5384615384615384,1.1666666666666667,1.1538461538461535,3.0,0.7272727272727273,1.0,2.25,6.8
